nome,ruolo,ruolo_mantra,squadra,quotazione_iniziale,quotazione_attuale,fonte
Martinez L.,A,Pc,INT,34,33,serie_a
Thuram,A,Pc,INT,29,32,serie_a
Dimarco,D,E,INT,19,30,serie_a
Hojlund,A,Pc,NAP,24,27,serie_a
Paz N.,C,T;A,COM,20,26,serie_a
Douvikas,A,Pc,COM,8,26,serie_a
Yildiz,A,A,JUV,24,26,serie_a
McTominay,C,C;T,NAP,26,25,serie_a
Berardi,A,A,SAS,21,25,serie_a
Malen,A,A,ROM,14,25,serie_a
Baturina,C,T,COM,9,24,serie_a
Calhanoglu,C,M;C,INT,23,24,serie_a
Krstovic,A,Pc,ATA,20,24,serie_a
Pulisic,C,T;A,MIL,28,24,serie_a
Davis K.,A,Pc,UDI,12,24,serie_a
Scamacca,A,Pc,ATA,19,23,serie_a
Rabiot,C,C;T,MIL,23,23,serie_a
Bonazzoli,A,A,CRE,1,22,serie_a
Esposito F.P.,A,Pc,INT,7,22,serie_a
Simeone,A,Pc,TOR,8,22,serie_a
Esposito Se.,A,A,CAG,7,21,serie_a
De Bruyne,C,T,NAP,23,21,serie_a
Laurientè,A,A,SAS,15,21,serie_a
Da Cunha,C,C;W;T,COM,12,20,serie_a
Zielinski,C,C;T,INT,4,20,serie_a
Bonny,A,Pc,INT,5,20,serie_a
Bremer,D,Dc,JUV,13,20,serie_a
Leao,A,A,MIL,24,20,serie_a
Soulè,A,A,ROM,20,20,serie_a
Atta,C,C,UDI,6,20,serie_a
Ndoye*,C,W,BOL,19,19,serie_a
Orsolini,C,W;A,BOL,30,19,serie_a
Zaniolo,C,T;A,UDI,11,19,serie_a
Carnesecchi,P,Por,ATA,14,18,serie_a
Barella,C,C,INT,14,18,serie_a
McKennie,C,M;C,JUV,10,18,serie_a
Conceicao,C,W;A,JUV,18,18,serie_a
Castellanos*,A,Pc,LAZ,21,18,serie_a
Modric,C,C,MIL,12,18,serie_a
Pellegrino M.,A,Pc,PAR,13,18,serie_a
Nkunku,A,A,MIL,20,18,serie_a
Castro S.,A,Pc,BOL,19,17,serie_a
Mandragora,C,M;C,FIO,14,17,serie_a
Pavlovic,D,Dc,MIL,7,17,serie_a
Milinkovic-Savic V.,P,Por,NAP,4,17,serie_a
Svilar,P,Por,ROM,15,17,serie_a
Konè I.,C,M;C,SAS,6,17,serie_a
Vlasic,C,T,TOR,15,17,serie_a
Palestra,D,E,CAG,3,16,serie_a
De Ketelaere,A,A,ATA,22,16,serie_a
Butez,P,Por,COM,10,16,serie_a
Kempf,D,Dc,COM,5,16,serie_a
Perrone,C,M;C,COM,8,16,serie_a
Kean,A,Pc,FIO,33,16,serie_a
Messias,C,C;W,GEN,8,16,serie_a
Vlahovic,A,Pc,JUV,24,16,serie_a
Isaksen,C,W;A,LAZ,14,16,serie_a
Pedro,A,A,LAZ,13,16,serie_a
Maignan,P,Por,MIL,16,16,serie_a
Spinazzola,D,Ds;E,NAP,7,16,serie_a
Moreo,A,A,PIS,5,16,serie_a
Pinamonti,A,Pc,SAS,16,16,serie_a
Adams C.,A,A,TOR,14,16,serie_a
Thauvin*,A,A,UDI,16,16,serie_a
Vardy,A,Pc,CRE,15,16,serie_a
Scalvini,D,Dc,ATA,8,15,serie_a
Rodriguez Je.,A,W;A,COM,5,15,serie_a
Malinovskyi,C,C;T,GEN,8,15,serie_a
Bisseck,D,Dc,INT,9,15,serie_a
Di Gregorio,P,Por,JUV,16,15,serie_a
Falcone,P,Por,LEC,6,15,serie_a
Banda,A,W;A,LEC,5,15,serie_a
Saelemaekers,C,E;W,MIL,12,15,serie_a
Zambo Anguissa,C,M;C,NAP,15,15,serie_a
Raspadori,A,A,ATA,13,15,serie_a
Lukaku,A,Pc,NAP,31,15,serie_a
Bernabè,C,C,PAR,11,15,serie_a
Mancini,D,Dc,ROM,11,15,serie_a
Thorstvedt,C,C;T,SAS,8,15,serie_a
Ostigard,D,Dc,GEN,5,15,serie_a
Rowe,C,W;T,BOL,14,15,serie_a
Lookman*,A,A,ATA,29,14,serie_a
Colombo,A,Pc,GEN,12,14,serie_a
Zalewski,C,E;W,ATA,6,14,serie_a
Mkhitaryan,C,C;T,INT,9,14,serie_a
Kalulu,D,Dd;Dc,JUV,9,14,serie_a
Thuram K.,C,M;C,JUV,16,14,serie_a
Noslin,A,A,LAZ,7,14,serie_a
Celik,D,B;Dd;E,ROM,7,14,serie_a
Wesley,D,E,ROM,14,14,serie_a
Pisilli,C,C,ROM,7,14,serie_a
Okoye,P,Por,UDI,6,14,serie_a
Solet,D,Dc,UDI,11,14,serie_a
Ekkelenkamp,C,C;T,UDI,10,14,serie_a
Orban G.,A,Pc,VER,15,14,serie_a
Taylor K.,C,C;T,LAZ,14,14,serie_a
Ederson D.S.,C,M;C,ATA,15,13,serie_a
Bernardeschi,C,W;A,BOL,9,13,serie_a
Odgaard,C,T;A,BOL,16,13,serie_a
Gaetano,C,T,CAG,8,13,serie_a
Caqueret,C,C;T,COM,12,13,serie_a
Strefezza,C,W;A,PAR,10,13,serie_a
Vazquez*,C,T;A,CRE,10,13,serie_a
Gudmundsson A.,C,T;A,FIO,24,13,serie_a
Vitinha O.,A,Pc,GEN,12,13,serie_a
Sommer,P,Por,INT,16,13,serie_a
Bastoni,D,Dc,INT,16,13,serie_a
David,A,Pc,JUV,27,13,serie_a
Guendouzi*,C,C,LAZ,11,13,serie_a
Zaccagni,C,W;A,LAZ,26,13,serie_a
Coulibaly L.,C,M;C,LEC,7,13,serie_a
Politano,C,W,NAP,15,13,serie_a
Lang*,A,A,NAP,19,13,serie_a
Hermoso,D,Dc,ROM,3,13,serie_a
Rensch,D,B;Dd;E,ROM,5,13,serie_a
Cristante,C,M;C,ROM,9,13,serie_a
Konè M.,C,M;C,ROM,14,13,serie_a
Pellegrini Lo.,C,C;T,ROM,11,13,serie_a
Dybala,A,A,ROM,26,13,serie_a
Volpato,C,W;T,SAS,5,13,serie_a
Casadei,C,C;T,TOR,12,13,serie_a
Giovane,A,A,NAP,1,13,serie_a
Kilicsoy,A,A,CAG,6,13,serie_a
Akanji,D,Dc,INT,9,13,serie_a
Zappacosta,D,E,ATA,13,12,serie_a
Pasalic,C,C;T,ATA,9,12,serie_a
Cambiaghi,A,A,BOL,11,12,serie_a
Caprile,P,Por,CAG,7,12,serie_a
Diao,A,W;A,COM,17,12,serie_a
Audero,P,Por,CRE,5,12,serie_a
De Gea,P,Por,FIO,14,12,serie_a
Thorsby,C,C;T,CRE,5,12,serie_a
Ekuban,A,A,GEN,2,12,serie_a
Dumfries,D,E,INT,20,12,serie_a
Locatelli,C,M;C,JUV,12,12,serie_a
Gimenez,A,Pc,MIL,25,12,serie_a
N'Dicka,D,Dc,ROM,10,12,serie_a
Montipò,P,Por,VER,5,12,serie_a
Santos A.,C,W;A,NAP,7,12,serie_a
Skorupski,P,Por,BOL,10,11,serie_a
Borrelli,A,Pc,CAG,5,11,serie_a
Vandeputte,C,W;T,CRE,12,11,serie_a
Gosens,D,E,FIO,18,11,serie_a
Fagioli,C,C,FIO,8,11,serie_a
Vasquez,D,Ds;Dc,GEN,9,11,serie_a
Sucic P.,C,C,INT,9,11,serie_a
Kelly L.,D,Ds;Dc,JUV,7,11,serie_a
Gonzalez N.*,A,W;A,JUV,12,11,serie_a
Provedel,P,Por,LAZ,12,11,serie_a
Cataldi,C,M;C,LAZ,5,11,serie_a
Basic,C,C,LAZ,1,11,serie_a
Cancellieri,A,W;A,LAZ,3,11,serie_a
Ricci S.,C,M;C,MIL,10,11,serie_a
Rrahmani,D,Dc,NAP,11,11,serie_a
Suzuki,P,Por,PAR,7,11,serie_a
Valeri,D,Ds;E,PAR,10,11,serie_a
Keita M.,C,M;C,PAR,6,11,serie_a
Man*,C,W;A,PAR,11,11,serie_a
Kristensen T.,D,Dd;Dc,UDI,5,11,serie_a
Athekame,D,Dd;E,MIL,6,11,serie_a
Cheddira,A,Pc,LEC,4,11,serie_a
Harrison,C,W,FIO,10,11,serie_a
Boga,A,W;A,JUV,6,11,serie_a
Brescianini,C,C;T,FIO,8,10,serie_a
Maldini,C,T;A,LAZ,9,10,serie_a
Holm,D,Dd;E,JUV,8,10,serie_a
Miranda J.,D,Ds;E,BOL,9,10,serie_a
Folorunsho,C,C;T,CAG,9,10,serie_a
Vojvoda,D,Dd;E,COM,6,10,serie_a
Valle,D,Ds;E,COM,6,10,serie_a
Okereke,A,A,CRE,5,10,serie_a
Dodò,D,E,FIO,11,10,serie_a
Martin,D,Ds;E,GEN,10,10,serie_a
Ekhator,A,A,GEN,1,10,serie_a
Carlos Augusto,D,B;Ds;E,INT,10,10,serie_a
Tiago Gabriel,D,Dc,LEC,1,10,serie_a
Gallo,D,Ds;E,LEC,5,10,serie_a
Bartesaghi,D,Ds;E,MIL,3,10,serie_a
Fofana Y.,C,M;C,MIL,11,10,serie_a
Loftus-Cheek,C,C;T,MIL,8,10,serie_a
Beukema,D,Dc,NAP,10,10,serie_a
Di Lorenzo,D,Dd;E,NAP,14,10,serie_a
Lobotka,C,M;C,NAP,9,10,serie_a
Neres,C,W;A,NAP,13,10,serie_a
Delprato,D,B;Dd;E,PAR,8,10,serie_a
Leris,C,W,PIS,2,10,serie_a
Dovbyk,A,Pc,ROM,21,10,serie_a
Ferguson E.,A,Pc,ROM,19,10,serie_a
Kabasele,D,Dc,UDI,3,10,serie_a
Mazzitelli,C,M;C,CAG,5,10,serie_a
Ramon,D,Dc,COM,4,10,serie_a
Nzola,A,Pc,SAS,12,10,serie_a
Muric,P,Por,SAS,3,10,serie_a
Belghali,D,Dd;E,VER,4,10,serie_a
Gutierrez,D,Ds;E,NAP,8,10,serie_a
Fullkrug,A,Pc,MIL,13,10,serie_a
Durosinmi,A,Pc,PIS,15,10,serie_a
Obrador,D,Ds;E,TOR,6,10,serie_a
Bijlow,P,Por,GEN,10,10,serie_a
Bowie,A,A,VER,6,10,serie_a
De Roon,C,M;C,ATA,12,9,serie_a
Samardzic,C,T,ATA,12,9,serie_a
Sulemana K.,A,A,ATA,9,9,serie_a
Posch*,D,Dd;Dc,COM,5,9,serie_a
Moro N.,C,M;C,BOL,3,9,serie_a
Mina,D,Dc,CAG,7,9,serie_a
Piccoli,A,Pc,FIO,17,9,serie_a
Moreno Alb.,D,Ds;E,COM,3,9,serie_a
Ndour,C,M;C,FIO,2,9,serie_a
Leali,P,Por,GEN,8,9,serie_a
Frendrup,C,M;C,GEN,9,9,serie_a
Cambiaso,D,E,JUV,15,9,serie_a
Kostic,C,E;W,JUV,4,9,serie_a
Baschirotto,D,Dc,CRE,8,9,serie_a
Corvi,P,Por,PAR,1,9,serie_a
Angori,D,Ds;E,PIS,5,9,serie_a
El Shaarawy,C,W,ROM,8,9,serie_a
Baldanzi,C,T;A,GEN,8,9,serie_a
Paleari,P,Por,TOR,1,9,serie_a
Coco,D,Dc,TOR,8,9,serie_a
Ngonge*,A,A,TOR,9,9,serie_a
Karlstrom,C,M;C,UDI,6,9,serie_a
Bernasconi,D,E,ATA,1,9,serie_a
Zhegrova,C,W,JUV,19,9,serie_a
Ratkov,A,Pc,LAZ,15,9,serie_a
Gandelman,C,C;T,LEC,6,9,serie_a
Freuler,C,M;C,BOL,11,8,serie_a
Pobega,C,M;C,BOL,8,8,serie_a
Luperto,D,Dc,CRE,7,8,serie_a
Zortea,D,E,BOL,16,8,serie_a
Adopo,C,M;C,CAG,5,8,serie_a
Ellertsson,C,C;W,GEN,5,8,serie_a
Pavard*,D,Dd;Dc,INT,8,8,serie_a
Luis Henrique,C,E;W,INT,7,8,serie_a
Perin,P,Por,JUV,1,8,serie_a
Gila,D,Dc,LAZ,9,8,serie_a
Romagnoli,D,Dc,LAZ,8,8,serie_a
Marusic,D,Dd;Ds;E,LAZ,8,8,serie_a
Ramadani,C,M;C,LEC,6,8,serie_a
Tomori,D,Dc,MIL,8,8,serie_a
Meret,P,Por,NAP,16,8,serie_a
Buongiorno,D,Dc,NAP,13,8,serie_a
Circati,D,Dc,PAR,5,8,serie_a
Benedyczak*,A,A,PAR,1,8,serie_a
El Aynaoui,C,M;C,ROM,9,8,serie_a
Turati,P,Por,SAS,7,8,serie_a
Muharemovic,D,Dc,SAS,5,8,serie_a
Fadera,C,W,SAS,6,8,serie_a
Maripan,D,Dc,TOR,7,8,serie_a
Zapata D.,A,Pc,TOR,20,8,serie_a
Ghilardi,D,Dc,ROM,4,8,serie_a
Tchatchoua*,D,Dd;E,VER,8,8,serie_a
Idzes,D,Dc,SAS,7,8,serie_a
Sottil,C,W;A,LEC,11,8,serie_a
Vergara,C,W;T,NAP,1,8,serie_a
Bailey*,C,W;A,ROM,16,8,serie_a
Matic,C,M;C,SAS,4,8,serie_a
Stulic,A,Pc,LEC,13,8,serie_a
Nicolussi Caviglia,C,M;C,PAR,9,8,serie_a
Diego Carlos,D,Dc,COM,5,8,serie_a
Solomon,A,W;A,FIO,7,8,serie_a
Vaz,A,Pc,ROM,10,8,serie_a
Garcia U.,D,B;Ds;E,SAS,3,8,serie_a
Djimsiti,D,Dc,ATA,8,7,serie_a
Kolasinac,D,B;Ds;E,ATA,7,7,serie_a
Tourè E.*,A,Pc,ATA,7,7,serie_a
Lucumì,D,Dc,BOL,8,7,serie_a
Obert,D,Ds;Dc,CAG,4,7,serie_a
Prati,C,M;C,TOR,3,7,serie_a
Felici,C,W,CAG,6,7,serie_a
Johnsen*,A,A,CRE,7,7,serie_a
Marcandalli,D,Dc,GEN,3,7,serie_a
Norton-Cuffy,D,Dd;E,GEN,3,7,serie_a
Weah*,C,E;W,JUV,7,7,serie_a
Miretti,C,C;T,JUV,5,7,serie_a
Provstgaard,D,Dc,LAZ,3,7,serie_a
Berisha M.,C,C;T,LEC,3,7,serie_a
Pierotti,C,W;A,LEC,10,7,serie_a
N'Dri,A,W;A,LEC,5,7,serie_a
Terracciano F.,D,Dd;Ds;E,CRE,2,7,serie_a
Gilmour,C,M;C,NAP,7,7,serie_a
Leoni*,D,Dc,PAR,7,7,serie_a
Semper,P,Por,PIS,3,7,serie_a
Angelino,D,E,ROM,15,7,serie_a
Pedersen,D,Dd;E,TOR,4,7,serie_a
Gineitis,C,C,TOR,5,7,serie_a
Ehizibue,D,Dd;E,UDI,5,7,serie_a
Frese,D,Ds;E,VER,3,7,serie_a
Bernede,C,C,VER,4,7,serie_a
Piotrowski,C,C,UDI,6,7,serie_a
Miller L.,C,M;C,UDI,3,7,serie_a
Sorensen O.,C,C,PAR,6,7,serie_a
Ilkhan,C,C;T,TOR,1,7,serie_a
Diouf,C,C,INT,7,7,serie_a
Buksa,A,Pc,UDI,9,7,serie_a
Elmas,C,W;T,NAP,11,7,serie_a
Gagliardini,C,M;C,VER,2,7,serie_a
Hien,D,Dc,ATA,11,6,serie_a
Kossounou,D,Dd;Dc,ATA,9,6,serie_a
Bellanova,D,E,ATA,13,6,serie_a
Sulemana I.,C,M;C,CAG,4,6,serie_a
Pessina Mas.,P,Por,BOL,1,6,serie_a
Aebischer,C,C,PIS,4,6,serie_a
Fabbian,C,C;T,FIO,10,6,serie_a
Dallinga,A,Pc,BOL,10,6,serie_a
Zappa,D,B;Dd;E,CAG,6,6,serie_a
Deiola,C,M;C,CAG,5,6,serie_a
Smolcic I.,D,Dd;Dc,COM,2,6,serie_a
Addai,A,W;A,COM,7,6,serie_a
Cutrone*,A,Pc,PAR,10,6,serie_a
Barbieri,D,Dd;Ds;E,CRE,3,6,serie_a
Ranieri L.,D,Ds;Dc,FIO,7,6,serie_a
Parisi,D,E,FIO,5,6,serie_a
Beltran L.*,A,A,FIO,7,6,serie_a
De Winter,D,Dd;Dc,MIL,8,6,serie_a
Cabal,D,B;Ds;E,JUV,5,6,serie_a
Joao Mario,D,E,BOL,8,6,serie_a
Tavares N.,D,Ds;E,LAZ,12,6,serie_a
Vecino*,C,M;C,LAZ,6,6,serie_a
Dele-Bashiru,C,C;T,LAZ,11,6,serie_a
Dia,A,Pc,LAZ,20,6,serie_a
Zanoli,D,Dd;E,UDI,3,6,serie_a
Zerbin,C,E;W,CRE,3,6,serie_a
Ordonez C.,C,M;C,PAR,5,6,serie_a
Caracciolo A.,D,Dc,PIS,4,6,serie_a
Tramoni M.,C,W;T,PIS,12,6,serie_a
Lipani,C,M;C,SAS,4,6,serie_a
Ismajli,D,Dc,TOR,8,6,serie_a
Njie,A,A,TOR,1,6,serie_a
Kamara H.,D,Ds;E,UDI,7,6,serie_a
Sanchez*,A,A,UDI,7,6,serie_a
Serdar,C,C,VER,5,6,serie_a
Bradaric,D,Ds;E,VER,4,6,serie_a
Siebert,D,Dc,LEC,5,6,serie_a
Elphege,A,Pc,PAR,1,6,serie_a
Edmundsson,D,Dc,VER,2,6,serie_a
Ferguson,C,C;T,BOL,11,5,serie_a
Idrissi R.,D,Ds;E,CAG,3,5,serie_a
Dossena,D,Dc,CAG,4,5,serie_a
Van Der Brempt,D,Dd;E,COM,4,5,serie_a
Kuhn,A,W;A,COM,14,5,serie_a
Floriani Mussolini,D,Dd;E,CRE,5,5,serie_a
Grassi,C,M;C,CRE,4,5,serie_a
Zanimacchia*,C,W,CRE,5,5,serie_a
Pongracic,D,Dc,FIO,5,5,serie_a
Masini,C,M;C,GEN,5,5,serie_a
Martinez Jo.,P,Por,INT,2,5,serie_a
Acerbi,D,Dc,INT,9,5,serie_a
Gatti,D,Dc,JUV,8,5,serie_a
Pellegrini Lu.,D,Ds;E,LAZ,3,5,serie_a
Veiga D.,D,Dd;E,LEC,1,5,serie_a
Maleh,C,M;C,CRE,6,5,serie_a
Gabbia,D,Dc,MIL,6,5,serie_a
Jimenez A.*,D,Dd;Ds;E,MIL,5,5,serie_a
Bondo,C,M;C,CRE,3,5,serie_a
Musah,C,C;W,ATA,6,5,serie_a
Olivera,D,Ds;E,NAP,10,5,serie_a
Lucca*,A,Pc,NAP,15,5,serie_a
Valenti,D,Dc,PAR,4,5,serie_a
Estevez,C,M;C,PAR,2,5,serie_a
Djuric,A,Pc,CRE,9,5,serie_a
Canestrelli,D,Dc,PIS,3,5,serie_a
Tourè I.,C,E;M,PIS,6,5,serie_a
Akinsanmiro,C,C;T,PIS,3,5,serie_a
Meister,A,Pc,PIS,2,5,serie_a
Walukiewicz,D,Dd;Dc,SAS,5,5,serie_a
Mulattieri*,A,Pc,SAS,5,5,serie_a
Bertola,D,Dc,UDI,6,5,serie_a
Payero,C,C,CRE,4,5,serie_a
Ebosse,D,Ds;Dc,TOR,4,5,serie_a
Cuadrado,D,E,PIS,7,5,serie_a
Nelsson,D,Dc,VER,5,5,serie_a
Troilo,D,Dc,PAR,6,5,serie_a
Belotti,A,Pc,CAG,12,5,serie_a
Gueye,A,Pc,UDI,1,5,serie_a
Zè Pedro,D,Dc,CAG,4,5,serie_a
Akpa Akpro,C,M;C,VER,1,5,serie_a
Ngom,C,M;C,LEC,1,5,serie_a
Loyola,C,M;C,PIS,7,5,serie_a
Motta,P,Por,LAZ,1,5,serie_a
Amorim,C,M;C,GEN,5,5,serie_a
Mendy P.,A,Pc,CAG,1,5,serie_a
Ahanor,D,B;Ds;E,ATA,6,4,serie_a
Ravaglia F.,P,Por,BOL,3,4,serie_a
Vitik,D,Dc,BOL,8,4,serie_a
Immobile*,A,Pc,BOL,19,4,serie_a
Bianchetti,D,Dc,CRE,3,4,serie_a
Folino,D,Dc,CRE,4,4,serie_a
Pezzella Giu.,D,Ds;E,CRE,5,4,serie_a
Comuzzo,D,Dc,FIO,7,4,serie_a
Carboni V.*,C,T;A,GEN,11,4,serie_a
Frattesi,C,C;T,INT,14,4,serie_a
Taremi*,A,Pc,INT,4,4,serie_a
Koopmeiners,C,C;T,JUV,14,4,serie_a
Thiaw*,D,Dc,MIL,4,4,serie_a
Chukwueze*,C,W,MIL,4,4,serie_a
Okafor*,A,A,MIL,4,4,serie_a
Juan Jesus,D,Ds;Dc,NAP,3,4,serie_a
Mazzocchi,D,Dd;Ds;E,NAP,3,4,serie_a
Sohm,C,C,BOL,12,4,serie_a
Piccinini G.,C,E;M,PIS,6,4,serie_a
Lind*,A,Pc,PIS,4,4,serie_a
Salah-Eddine*,D,E,ROM,4,4,serie_a
Doig,D,Ds;E,SAS,6,4,serie_a
Ghion*,C,M;C,SAS,4,4,serie_a
Lazaro,D,Dd;E,TOR,7,4,serie_a
Sanabria,A,Pc,CRE,7,4,serie_a
Bravo*,A,A,UDI,6,4,serie_a
Unai Nunez*,D,Dc,VER,5,4,serie_a
Oyegoke,D,B;Dd;E,VER,2,4,serie_a
Harroui,C,W;T,VER,7,4,serie_a
Suslov,C,W;T,VER,9,4,serie_a
Sarr A.,A,A,VER,8,4,serie_a
Mosquera,A,Pc,VER,6,4,serie_a
Jashari,C,C,MIL,13,4,serie_a
Heggem,D,Ds;Dc,BOL,4,4,serie_a
Britschgi,D,Dd;Ds;E,PAR,1,4,serie_a
Oristanio,C,W;T;A,PAR,12,4,serie_a
Rodriguez Ju.,D,Ds;Dc,CAG,1,4,serie_a
Openda,A,Pc,JUV,22,4,serie_a
Coulibaly W.,D,Dd;Ds;E,SAS,3,4,serie_a
Stojilkovic,A,Pc,PIS,4,4,serie_a
Kulenovic,A,Pc,TOR,5,4,serie_a
Zaragoza,C,W;A,ROM,7,4,serie_a
Erlic*,D,Dc,BOL,3,3,serie_a
De Silvestri,D,Dd;E,BOL,4,3,serie_a
El Azzouzi*,C,M;C,BOL,3,3,serie_a
Dominguez B.,A,W;A,BOL,9,3,serie_a
Karlsson*,A,W;A,BOL,3,3,serie_a
Luvumbo*,A,A,CAG,12,3,serie_a
Pavoletti,A,Pc,CAG,1,3,serie_a
Sergi Roberto,C,M;C,COM,4,3,serie_a
Azzi*,D,Ds;E,CRE,3,3,serie_a
Castagnetti*,C,M;C,CRE,3,3,serie_a
De Luca*,A,Pc,CRE,8,3,serie_a
Fazzini,C,C;T,FIO,11,3,serie_a
Dzeko*,A,Pc,FIO,15,3,serie_a
Vogliacco*,D,Dd;Dc,GEN,3,3,serie_a
Sabelli,D,Dd;Ds;E,GEN,5,3,serie_a
De Vrij,D,Dc,INT,9,3,serie_a
Darmian,D,B;Dd;E,INT,4,3,serie_a
Savona*,D,B;Dd;E,JUV,3,3,serie_a
Douglas Luiz*,C,C,JUV,3,3,serie_a
Furlanetto,P,Por,LAZ,1,3,serie_a
Patric,D,Dd;Dc,LAZ,4,3,serie_a
Lazzari,D,Dd;E,LAZ,4,3,serie_a
Belahyane,C,M;C,LAZ,4,3,serie_a
Kaba*,C,M;C,LEC,1,3,serie_a
Tete Morente*,C,W,LEC,9,3,serie_a
Marianucci,D,Dc,TOR,3,3,serie_a
Balogh*,D,Dc,PAR,3,3,serie_a
Ondrejka,C,W;A,PAR,13,3,serie_a
Almqvist,A,W;A,PAR,4,3,serie_a
Calabresi,D,B;Dd;E,PIS,3,3,serie_a
Hojholt,C,M;C,PIS,1,3,serie_a
Vural,C,C,PIS,3,3,serie_a
Iannoni,C,C,SAS,1,3,serie_a
Giannetti L.*,D,Dc,UDI,3,3,serie_a
Zemura,D,Ds;E,UDI,3,3,serie_a
Zarraga,C,M;C,UDI,2,3,serie_a
Lovric,C,C,VER,9,3,serie_a
Brenner*,A,A,UDI,3,3,serie_a
Valentini N.,D,Dc,VER,4,3,serie_a
Rocha Livramento*,A,Pc,VER,3,3,serie_a
Bella-Kotchap,D,Dc,VER,6,3,serie_a
Tsimikas,D,Ds;E,ROM,4,3,serie_a
Lorran,C,T,PIS,7,3,serie_a
Sarmiento J.*,C,W;T,CRE,4,3,serie_a
Guaita*,P,Por,PAR,5,3,serie_a
Zatterstrom,D,Dc,GEN,4,3,serie_a
Carboni F.,D,Ds;E,PAR,2,3,serie_a
Pedro Felipe,D,Dc,SAS,1,3,serie_a
Iling Junior,C,E;W,PIS,5,3,serie_a
Bonfanti*,D,Dc,PIS,2,2,serie_a
Lykogiannis,D,Ds;E,BOL,5,2,serie_a
Di Pardo*,D,Dd;E,CAG,2,2,serie_a
Jack*,D,Ds;Dc,COM,2,2,serie_a
Engelhardt*,C,M;C,COM,2,2,serie_a
Ravanelli*,D,Dc,CRE,2,2,serie_a
Collocolo,C,M;C,CRE,8,2,serie_a
Pickel*,C,M;C,CRE,2,2,serie_a
Christensen O.,P,Por,FIO,1,2,serie_a
Marì*,D,Dc,FIO,7,2,serie_a
Viti*,D,Dc,FIO,4,2,serie_a
Fortini,D,E,FIO,3,2,serie_a
Richardson*,C,M;C,FIO,4,2,serie_a
Sabiri,C,T,FIO,2,2,serie_a
Otoa,D,Dc,GEN,2,2,serie_a
Venturino,C,W,ROM,3,2,serie_a
Gronbaek*,C,W;T,GEN,12,2,serie_a
Asllani*,C,M;C,TOR,4,2,serie_a
Rugani,D,Dc,FIO,3,2,serie_a
Rovella,C,M;C,LAZ,8,2,serie_a
Gaspar K.,D,Dc,LEC,8,2,serie_a
Jean,D,Dc,LEC,3,2,serie_a
Helgason,C,C;T,LEC,8,2,serie_a
Camarda,A,Pc,LEC,12,2,serie_a
Estupinan,D,Ds;E,MIL,11,2,serie_a
Hainaut*,D,Dd;E,PAR,2,2,serie_a
Lovik*,D,Ds;E,PAR,2,2,serie_a
Hernani*,C,C,PAR,7,2,serie_a
Mateus Lusuardi*,D,Dc,PIS,4,2,serie_a
Rus*,D,Dd;Dc,PIS,2,2,serie_a
Marin M.,C,M;C,PIS,6,2,serie_a
Kumbulla*,D,Dc,ROM,2,2,serie_a
Missori*,D,Dd;E,SAS,2,2,serie_a
Boloca,C,M;C,SAS,6,2,serie_a
Pierini*,A,A,SAS,5,2,serie_a
Alvarez A.*,A,Pc,SAS,2,2,serie_a
Masina*,D,B;Ds;E,TOR,3,2,serie_a
Biraghi,D,Ds;E,TOR,8,2,serie_a
Anjorin,C,C;T,TOR,10,2,serie_a
Palma*,D,Dc,UDI,1,2,serie_a
Bayo V.,A,Pc,UDI,4,2,serie_a
Slotsager,D,Dc,VER,2,2,serie_a
Niasse,C,M;C,VER,3,2,serie_a
Ndiaye,D,Dc,PAR,4,2,serie_a
Goglichidze*,D,Dd;Dc,UDI,4,2,serie_a
Morata,A,Pc,COM,18,2,serie_a
Cham,D,Dd;Ds;E,VER,1,2,serie_a
Fini*,C,E;W,GEN,1,2,serie_a
Braschi,A,Pc,FIO,1,2,serie_a
Gorter,C,M;C,LEC,1,2,serie_a
Al-Musrati,C,M;C,VER,4,2,serie_a
Ziolkowski,D,Dc,ROM,3,2,serie_a
Ambrosino*,A,Pc,NAP,1,2,serie_a
Moumbagna,A,Pc,CRE,6,2,serie_a
Nkounkou,D,Ds;E,TOR,3,2,serie_a
Cornet,C,W,GEN,7,2,serie_a
Arizala,D,Ds;E,UDI,1,2,serie_a
Helland,D,Dd;Dc,BOL,4,2,serie_a
Lirola,D,B;Dd;E,VER,4,2,serie_a
Tchoca*,D,Dc,TOR,2,2,serie_a
Albarracin,A,A,CAG,1,2,serie_a
Mlacic,D,Dc,UDI,3,2,serie_a
Bakola,C,C;T,SAS,3,2,serie_a
Balbo,D,Ds;E,FIO,1,2,serie_a
Mikolajewski,A,Pc,PAR,1,2,serie_a
Rossi F.,P,Por,ATA,1,1,serie_a
Sportiello,P,Por,ATA,1,1,serie_a
Casale,D,Dc,BOL,4,1,serie_a
Ilic M.*,D,Dc,BOL,1,1,serie_a
Ciocci,P,Por,CAG,1,1,serie_a
Radunovic*,P,Por,CAG,1,1,serie_a
Wieteska*,D,Dc,CAG,1,1,serie_a
Veroli*,D,Ds;Dc,CAG,1,1,serie_a
Liteta,C,M;C,CAG,1,1,serie_a
Vigorito,P,Por,COM,1,1,serie_a
Goldaniga,D,Dc,COM,4,1,serie_a
Braunoder*,C,M;C,COM,1,1,serie_a
Alli*,C,T,COM,1,1,serie_a
Azon*,A,Pc,COM,1,1,serie_a
Gabrielloni*,A,Pc,COM,1,1,serie_a
Nava,P,Por,CRE,1,1,serie_a
Ceccherini,D,Dd;Dc,CRE,4,1,serie_a
Quagliata*,D,Ds;E,CRE,1,1,serie_a
Sernicola*,D,Dd;Ds;E,CRE,1,1,serie_a
Valoti*,C,C;T,CRE,7,1,serie_a
Nasti*,A,Pc,CRE,1,1,serie_a
Martinelli T.*,P,Por,FIO,1,1,serie_a
Bianco*,C,M;C,FIO,1,1,serie_a
Siegrist,P,Por,GEN,1,1,serie_a
Sommariva,P,Por,GEN,1,1,serie_a
Stanciu*,C,C;T,GEN,8,1,serie_a
Di Gennaro,P,Por,INT,1,1,serie_a
Pinsoglio,P,Por,JUV,1,1,serie_a
Rouhi*,D,Ds;E,JUV,1,1,serie_a
Milik,A,Pc,JUV,1,1,serie_a
Mandas*,P,Por,LAZ,3,1,serie_a
Gigot,D,Dc,LAZ,4,1,serie_a
Hysaj,D,Dd;Ds;E,LAZ,3,1,serie_a
Fruchtl,P,Por,LEC,1,1,serie_a
Samooja,P,Por,LEC,1,1,serie_a
Perez M.,D,Dd;Dc,LEC,1,1,serie_a
Kouassi*,D,Dd;Dc,LEC,4,1,serie_a
Ndaba,D,Ds;E,LEC,1,1,serie_a
Pierret*,C,M;C,LEC,6,1,serie_a
Rafia*,C,C;T,LEC,3,1,serie_a
Marchwinski,C,T,LEC,1,1,serie_a
Terracciano,P,Por,MIL,1,1,serie_a
Torriani,P,Por,MIL,1,1,serie_a
Liberali*,C,W;T,MIL,1,1,serie_a
Contini,P,Por,NAP,1,1,serie_a
Rinaldi,P,Por,PAR,1,1,serie_a
Nicolas,P,Por,PIS,1,1,serie_a
Scuffet,P,Por,PIS,3,1,serie_a
Coppola F.,D,Dc,PIS,1,1,serie_a
Mbambi*,D,Dc,PIS,1,1,serie_a
Esteves T.*,D,Dd;E,PIS,1,1,serie_a
Arena*,C,W;T,PIS,1,1,serie_a
Buffon L.*,A,A,PIS,1,1,serie_a
Bonfanti N.*,A,Pc,PIS,1,1,serie_a
Zelezny,P,Por,ROM,1,1,serie_a
Gollini,P,Por,ROM,1,1,serie_a
Abdulhamid*,D,Dd;E,ROM,1,1,serie_a
Russo A.*,P,Por,SAS,1,1,serie_a
Satalino,P,Por,SAS,1,1,serie_a
Odenthal*,D,Dc,SAS,3,1,serie_a
Romagna,D,Dc,SAS,4,1,serie_a
Paz Y.*,D,Dd;E,SAS,1,1,serie_a
Pieragnolo,D,Ds;E,SAS,2,1,serie_a
Moro L.,A,Pc,SAS,1,1,serie_a
Skjellerup*,A,Pc,SAS,1,1,serie_a
Donnarumma An.*,P,Por,TOR,1,1,serie_a
Israel,P,Por,TOR,9,1,serie_a
Popa*,P,Por,TOR,1,1,serie_a
Schuurs*,D,Dc,TOR,3,1,serie_a
Dembelè A.*,D,Dd;E,TOR,1,1,serie_a
Tameze,C,M;C,TOR,5,1,serie_a
Ilic,C,C,TOR,7,1,serie_a
Padelli,P,Por,UDI,1,1,serie_a
Sava,P,Por,UDI,4,1,serie_a
Rui Modesto*,D,E,UDI,3,1,serie_a
Pafundi*,C,T;A,UDI,1,1,serie_a
Pizarro*,A,Pc,UDI,1,1,serie_a
Perilli,P,Por,VER,1,1,serie_a
Santiago*,C,C,VER,2,1,serie_a
Kastanos*,C,C;T,VER,4,1,serie_a
Cissè A.*,C,W;T,VER,1,1,serie_a
Vasquez D.*,P,Por,ROM,1,1,serie_a
Aboukhlal,A,A,TOR,9,1,serie_a
Nunziante,P,Por,UDI,1,1,serie_a
Lezzerini,P,Por,FIO,1,1,serie_a
Denoon,D,Dc,PIS,2,1,serie_a
Candè,D,Ds;Dc,SAS,6,1,serie_a
Silvestri,P,Por,CRE,1,1,serie_a
Godfrey*,D,B;Dd;Ds,ATA,1,1,serie_a
Rog*,C,M;C,CAG,1,1,serie_a
Frigan,A,Pc,PAR,7,1,serie_a
Adzic,C,C;T,JUV,1,1,serie_a
Cuenca H.*,C,W;T,GEN,1,1,serie_a
Toniolo,P,Por,VER,1,1,serie_a
Kouamè*,A,A,FIO,1,1,serie_a
Kouadio,D,Dc,FIO,1,1,serie_a
Vranckx,C,M;C,SAS,4,1,serie_a
Sala A.,C,C,LEC,3,1,serie_a
Stengs,C,W;T,PIS,11,1,serie_a
Cavlina,P,Por,COM,1,1,serie_a
Balentien,A,A,MIL,1,1,serie_a
Lamptey*,D,Dd;Ds;E,FIO,4,1,serie_a
Onana J.,C,M;C,GEN,2,1,serie_a
Faye,D,Dc,CRE,4,1,serie_a
Odogu,D,Dc,MIL,2,1,serie_a
Albiol,D,Dc,PIS,5,1,serie_a
Cremaschi,C,C,PAR,5,1,serie_a
Palacios T.*,D,Dc,INT,1,1,serie_a
Arena A.,A,Pc,ROM,1,1,serie_a
Ferrante,P,Por,NAP,1,1,serie_a
Calligaris,P,Por,INT,1,1,serie_a
Tornqvist,P,Por,COM,1,1,serie_a
Sherri,P,Por,CAG,1,1,serie_a
Isaac,A,Pc,VER,1,1,serie_a
Trepy,A,Pc,CAG,1,1,serie_a
Fofana Sa.,C,M;C,LEC,1,1,serie_a
Bozhinov,D,Dc,PIS,2,1,serie_a
Przyborek,C,W;T,LAZ,2,1,serie_a
Raterink,D,Dd;E,CAG,1,1,serie_a
Lahdo,C,C;T,COM,2,1,serie_a
Siviero,P,Por,TOR,1,1,serie_a
Vermesan,A,Pc,VER,1,1,serie_a
Pannozzo,P,Por,LAZ,1,1,serie_a
Giacomone,P,Por,LAZ,1,1,serie_a
Mosconi,A,A,INT,1,1,serie_a
Kane,A,Pc,BAY,37,54,euroleghe
Olise,C,W;A,BAY,30,43,euroleghe
Haaland,A,Pc,MCI,39,43,euroleghe
Mbappè,A,Pc,MAD,40,41,euroleghe
Lamine Yamal,A,A,FCB,28,39,euroleghe
Luis Diaz,A,A,BAY,21,38,euroleghe
Malen,A,A,ROM,10,36,euroleghe
Greenwood,A,A,OLM,22,35,euroleghe
Martinez L.,A,Pc,INT,29,35,euroleghe
Diomande Y.,C,W;A,RBL,2,34,euroleghe
Undav,A,A,STU,13,34,euroleghe
Raphinha,A,A,FCB,29,33,euroleghe
Vinicius Junior,A,A,MAD,27,32,euroleghe
Barcola B.,A,A,PSG,16,31,euroleghe
Schick,A,Pc,B04,22,31,euroleghe
Demirovic,A,Pc,STU,15,31,euroleghe
Bruno Fernandes,C,T,MUN,21,31,euroleghe
Ezzalzouli,A,W;A,BET,7,31,euroleghe
Thuram,A,Pc,INT,21,31,euroleghe
Guirassy,A,Pc,DOR,31,30,euroleghe
Torres F.,A,A,FCB,11,30,euroleghe
Dembelè O.,A,A,PSG,32,29,euroleghe
Baumgartner C.,C,W;T,RBL,6,29,euroleghe
Joao Pedro J.,A,Pc,CHE,23,29,euroleghe
Dimarco,D,E,INT,17,29,euroleghe
Lewandowski,A,Pc,FCB,34,28,euroleghe
Aubameyang,A,Pc,OLM,10,27,euroleghe
Douè D.,A,W;A,PSG,21,27,euroleghe
Beier,A,A,DOR,11,27,euroleghe
Burkardt,A,Pc,SGE,15,27,euroleghe
Gyokeres,A,Pc,ARS,36,27,euroleghe
Fernandez E.,C,C,CHE,15,27,euroleghe
Rashford,A,A,FCB,12,27,euroleghe
Fati,A,A,AMO,4,26,euroleghe
Balogun,A,Pc,AMO,8,26,euroleghe
Kvaratskhelia,A,A,PSG,20,26,euroleghe
Grimaldo,D,E,B04,14,26,euroleghe
Leweling,C,W;A,STU,9,26,euroleghe
Palmer,C,T,CHE,31,26,euroleghe
Mbeumo,A,A,MUN,19,26,euroleghe
Bowen,A,A,WHU,19,26,euroleghe
Sorloth,A,Pc,ATM,19,26,euroleghe
Lopez F.,C,T,FCB,8,26,euroleghe
Gouiri,A,A,OLM,14,25,euroleghe
Fuhrich,C,W;A,STU,9,25,euroleghe
Cunha,A,Pc,MUN,19,25,euroleghe
Hojlund,A,Pc,NAP,9,25,euroleghe
Olmo,C,T,FCB,21,25,euroleghe
Mikautadze,A,Pc,VIL,13,25,euroleghe
Brandt,C,W;T,DOR,13,24,euroleghe
Fornals,C,C;W;T,BET,7,24,euroleghe
Moleiro,C,W;T,VIL,6,24,euroleghe
Scamacca,A,Pc,ATA,9,24,euroleghe
Yildiz,A,A,JUV,15,24,euroleghe
Pulisic,C,T;A,MIL,23,24,euroleghe
McTominay,C,C;T,NAP,20,24,euroleghe
Gnabry,C,W;A,BAY,13,23,euroleghe
Sesko,A,Pc,MUN,19,23,euroleghe
Saka,A,W;A,ARS,21,23,euroleghe
Welbeck,A,Pc,BRH,8,23,euroleghe
Ekitike,A,Pc,LIV,24,23,euroleghe
Cherki,C,W;T,MCI,11,23,euroleghe
Doku,C,W;A,MCI,16,23,euroleghe
Casemiro,C,M;C,MUN,6,23,euroleghe
Richarlison,A,Pc,TOT,5,23,euroleghe
Griezmann,A,A,ATM,18,23,euroleghe
Pepe N.,C,W;A,VIL,9,23,euroleghe
Eze,C,W;T,ARS,17,23,euroleghe
Adeyemi,A,A,DOR,12,22,euroleghe
Uzun,C,T,SGE,7,22,euroleghe
Salah,A,A,LIV,37,22,euroleghe
Antony,C,W;A,BET,9,22,euroleghe
Hernandez C.,A,Pc,BET,9,22,euroleghe
Moreno G.,A,Pc,VIL,8,22,euroleghe
Zielinski,C,C;T,INT,2,22,euroleghe
Fernandez-Pardo,A,A,LIL,9,21,euroleghe
Mittelstadt,D,Ds;E,STU,12,21,euroleghe
Rice,C,M;C,ARS,11,21,euroleghe
Trossard,A,A,ARS,13,21,euroleghe
Bruno Guimaraes,C,C,NEW,10,21,euroleghe
Pedri,C,C;T,FCB,12,21,euroleghe
Guler,C,W;T,MAD,9,21,euroleghe
Orsolini,C,W;A,BOL,24,21,euroleghe
Bonny,A,Pc,INT,2,21,euroleghe
Esposito F.P.,A,Pc,INT,3,21,euroleghe
Leao,A,A,MIL,13,21,euroleghe
Rabiot,C,C;T,MIL,19,20,euroleghe
Paixao,A,A,OLM,11,20,euroleghe
Joao Neves,C,M;C,PSG,9,20,euroleghe
Rogers,C,W;T,AVA,15,20,euroleghe
Gruda,C,W;T,RBL,6,20,euroleghe
Jackson,A,Pc,BAY,10,20,euroleghe
Szoboszlai,C,C;T,LIV,12,20,euroleghe
Foden,C,W;T,MCI,13,20,euroleghe
Navarro,C,W;T,ATB,3,20,euroleghe
Guruzeta,A,Pc,ATB,8,20,euroleghe
Buchanan T.,C,W,VIL,5,20,euroleghe
Isaksen,C,W;A,LAZ,7,20,euroleghe
Pavlovic,D,Dc,MIL,6,20,euroleghe
Krstovic,A,Pc,ATA,12,20,euroleghe
Guerreiro,D,Ds;E,BAY,13,19,euroleghe
Goretzka,C,M;C,BAY,7,19,euroleghe
Buendia,C,W;T,AVA,5,19,euroleghe
Watkins,A,Pc,AVA,23,19,euroleghe
Pedro Neto,A,A,CHE,12,19,euroleghe
Simeone G.,C,W,ATM,12,19,euroleghe
Valverde,C,C;T,MAD,12,19,euroleghe
Soulè,A,A,ROM,12,19,euroleghe
Doan,C,W;A,SGE,15,19,euroleghe
Poku,A,A,B04,3,19,euroleghe
Tiago Tomas,A,A,STU,3,19,euroleghe
Haraldsson,C,W;T,LIL,10,18,euroleghe
Hojbjerg,C,M;C,OLM,7,18,euroleghe
Tillman,C,W;T,B04,15,18,euroleghe
Musiala,C,T,BAY,23,18,euroleghe
O'Reilly,C,E;C,MCI,2,18,euroleghe
Osula,A,Pc,NEW,1,18,euroleghe
Summerville,A,W;A,WHU,4,18,euroleghe
Wilson,A,Pc,WHU,10,18,euroleghe
Garcia J.,P,Por,FCB,12,18,euroleghe
Bellingham,C,T,MAD,24,18,euroleghe
Castro S.,A,Pc,BOL,8,18,euroleghe
Mandragora,C,M;C,FIO,6,18,euroleghe
Bisseck,D,Dc,INT,4,18,euroleghe
Mkhitaryan,C,C;T,INT,4,18,euroleghe
Castellanos,A,Pc,WHU,9,18,euroleghe
Romulo,A,Pc,RBL,10,18,euroleghe
Guehi,D,Dc,MCI,19,18,euroleghe
Akliouche,C,W;T,AMO,11,17,euroleghe
Nuno Mendes,D,Ds;E,PSG,17,17,euroleghe
Kofane,A,Pc,B04,1,17,euroleghe
Kimmich,C,E;M,BAY,11,17,euroleghe
Ryerson,D,Dd;Ds;E,DOR,12,17,euroleghe
Raum,D,Ds;E,RBL,12,17,euroleghe
Nusa,C,W;A,RBL,15,17,euroleghe
Woltemade,A,A,NEW,17,17,euroleghe
Barkley,C,C,AVA,2,17,euroleghe
McGinn,C,C;T,AVA,8,17,euroleghe
Barnes,A,W;A,NEW,10,17,euroleghe
Carnesecchi,P,Por,ATA,11,17,euroleghe
Kean,A,Pc,FIO,29,17,euroleghe
Barella,C,C,INT,8,17,euroleghe
Conceicao,C,W;A,JUV,9,17,euroleghe
Thiaw,D,Dc,NEW,2,17,euroleghe
Modric,C,C,MIL,8,17,euroleghe
De Bruyne,C,T,NAP,14,17,euroleghe
Svilar,P,Por,ROM,13,17,euroleghe
Fabio Silva,A,Pc,DOR,8,17,euroleghe
El Khannouss,C,W;T,STU,5,17,euroleghe
Giroud,A,Pc,LIL,8,16,euroleghe
Donnarumma G.,P,Por,MCI,16,16,euroleghe
Mayulu,C,C;T,PSG,4,16,euroleghe
Lee K.,C,W;T,PSG,8,16,euroleghe
Tapsoba,D,Dc,B04,8,16,euroleghe
Garcia A.,C,M;C,B04,7,16,euroleghe
Laimer,D,Dd;E,BAY,7,16,euroleghe
Gross,C,M;C,BRH,9,16,euroleghe
Chaibi,C,W,SGE,6,16,euroleghe
Ouedraogo,C,C;T,RBL,1,16,euroleghe
Stiller,C,M;C,STU,7,16,euroleghe
Raya,P,Por,ARS,14,16,euroleghe
Gabriel Magalhaes,D,Dc,ARS,15,16,euroleghe
Minteh,C,W;A,BRH,11,16,euroleghe
Gakpo,A,A,LIV,10,16,euroleghe
Baena,C,W;T,ATM,15,16,euroleghe
McKennie,C,M;C,JUV,3,16,euroleghe
Gonzalez N.,A,W;A,ATM,4,16,euroleghe
Maignan,P,Por,MIL,14,16,euroleghe
Milinkovic-Savic V.,P,Por,NAP,3,16,euroleghe
Spinazzola,D,Ds;E,NAP,4,16,euroleghe
Kalimuendo,A,Pc,SGE,15,16,euroleghe
Semenyo,A,A,MCI,13,16,euroleghe
Cancelo,D,Dd;Ds;E,FCB,15,16,euroleghe
Safonov,P,Por,PSG,2,15,euroleghe
Vitinha,C,C,PSG,12,15,euroleghe
Rutter,A,A,BRH,9,15,euroleghe
Gravenberch,C,M;C,LIV,7,15,euroleghe
Wirtz,C,T;A,LIV,28,15,euroleghe
Tel,A,A,TOT,10,15,euroleghe
Comesana,C,M;C,VIL,7,15,euroleghe
Bastoni,D,Dc,INT,12,15,euroleghe
Saelemaekers,C,E;W,MIL,5,15,euroleghe
Wesley,D,E,ROM,10,15,euroleghe
Pisilli,C,C,ROM,2,15,euroleghe
Karl,C,W;T,BAY,1,15,euroleghe
Mbappè E.,C,C,LIL,2,14,euroleghe
Camara L.,C,M;C,AMO,7,14,euroleghe
Murillo M.*,D,B;Dd;E,OLM,8,14,euroleghe
Rowe,C,W;T,BOL,8,14,euroleghe
Schlotterbeck N.,D,Dc,DOR,2,14,euroleghe
Bensebaini,D,B;Ds;E,DOR,7,14,euroleghe
Svensson D.,D,Ds;E,DOR,10,14,euroleghe
Nmecha F.,C,C;T,DOR,7,14,euroleghe
Brown N.,D,Ds;E,SGE,11,14,euroleghe
Bahoya,C,W,SGE,7,14,euroleghe
Knauff,C,W,SGE,10,14,euroleghe
Timber J.,D,Dd;Ds;Dc,ARS,11,14,euroleghe
Zubimendi,C,M;C,ARS,7,14,euroleghe
Merino,C,C;T,ARS,11,14,euroleghe
Martinez E.,P,Por,AVA,7,14,euroleghe
Hinshelwood,C,E;M,BRH,5,14,euroleghe
Ayari,C,C,BRH,5,14,euroleghe
Mitoma,C,W;A,BRH,14,14,euroleghe
Diallo Am.,C,W;A,MUN,13,14,euroleghe
Gordon,A,W;A,NEW,10,14,euroleghe
Soucek,C,M;C,WHU,11,14,euroleghe
Williams N.,A,A,ATB,17,14,euroleghe
Oblak,P,Por,ATM,17,14,euroleghe
Alvarez J.,A,Pc,ATM,23,14,euroleghe
Bellerin,D,Dd;E,BET,7,14,euroleghe
Perraud,D,Ds;E,LIL,6,14,euroleghe
Courtois,P,Por,MAD,15,14,euroleghe
Garcia G.,A,Pc,MAD,6,14,euroleghe
Yeremy Pino*,C,W,VIL,13,14,euroleghe
Calhanoglu,C,M;C,INT,16,14,euroleghe
Di Gregorio,P,Por,JUV,14,14,euroleghe
Bremer,D,Dc,JUV,10,14,euroleghe
Cancellieri,A,W;A,LAZ,1,14,euroleghe
Noslin,A,A,LAZ,2,14,euroleghe
Pedro,A,A,LAZ,3,14,euroleghe
Mancini,D,Dc,ROM,8,14,euroleghe
N'Dicka,D,Dc,ROM,7,14,euroleghe
Cristante,C,M;C,ROM,3,14,euroleghe
Pellegrini Lo.,C,C;T,ROM,4,14,euroleghe
Ozer,P,Por,LIL,7,14,euroleghe
Harder,A,A,RBL,10,14,euroleghe
Meunier,D,Dd;E,LIL,8,13,euroleghe
Andrè,C,M;C,LIL,5,13,euroleghe
Hakimi,D,Dd;E,PSG,19,13,euroleghe
Hofmann,C,W;T,B04,7,13,euroleghe
Maza,C,T;A,B04,4,13,euroleghe
Terrier,A,A,B04,4,13,euroleghe
Urbig,P,Por,BAY,1,13,euroleghe
Stanisic,D,B;Dd;Ds,BAY,9,13,euroleghe
Pavlovic A.,C,M;C,BAY,7,13,euroleghe
Coman*,A,W;A,BAY,13,13,euroleghe
Havertz,A,A,ARS,10,13,euroleghe
Cash,D,Dd;E,AVA,8,13,euroleghe
De Cuyper,D,Ds;E,BRH,8,13,euroleghe
Van Dijk,D,Dc,LIV,14,13,euroleghe
Akanji,D,Dc,INT,9,13,euroleghe
Bernardo Silva,C,W;T,MCI,12,13,euroleghe
Murphy,A,W;A,NEW,15,13,euroleghe
Joao Palhinha,C,M;C,TOT,7,13,euroleghe
Bernal,C,M;C,FCB,3,13,euroleghe
Bakambu,A,Pc,BET,4,13,euroleghe
Gueye P.,C,M;C,VIL,5,13,euroleghe
Perez A.,A,Pc,VIL,14,13,euroleghe
Zappacosta,D,E,ATA,10,13,euroleghe
Ederson D.S.,C,M;C,ATA,8,13,euroleghe
Lookman,A,A,ATM,21,13,euroleghe
Skorupski,P,Por,BOL,6,13,euroleghe
Odgaard,C,T;A,BOL,10,13,euroleghe
Sommer,P,Por,INT,14,13,euroleghe
Kalulu,D,Dd;Dc,JUV,6,13,euroleghe
Politano,C,W,NAP,8,13,euroleghe
Celik,D,B;Dd;E,ROM,3,13,euroleghe
Ngumoha,A,W;A,LIV,1,13,euroleghe
Fernandes M.,C,C,WHU,7,13,euroleghe
Bentaleb,C,M;C,LIL,4,12,euroleghe
Correia,C,W;A,LIL,5,12,euroleghe
Biereth,A,Pc,AMO,24,12,euroleghe
Zaire-Emery,C,E;C,PSG,5,12,euroleghe
Ruiz,C,C,PSG,11,12,euroleghe
Ramos G.,A,Pc,PSG,9,12,euroleghe
Boniface*,A,Pc,B04,13,12,euroleghe
Neuer,P,Por,BAY,15,12,euroleghe
Kobel,P,Por,DOR,7,12,euroleghe
Vandevoordt,P,Por,RBL,7,12,euroleghe
Digne,D,Ds;E,AVA,8,12,euroleghe
Verbruggen,P,Por,BRH,5,12,euroleghe
Gomez D.,C,M;C,BRH,3,12,euroleghe
Chalobah T.,D,Dd;Dc,CHE,9,12,euroleghe
James R.,D,Dd;E,CHE,10,12,euroleghe
Mainoo,C,C,MUN,4,12,euroleghe
Mount,C,T,MUN,7,12,euroleghe
Van De Ven,D,Ds;Dc,TOT,10,12,euroleghe
Kudus,A,W;A,TOT,11,12,euroleghe
Solanke,A,Pc,TOT,14,12,euroleghe
Williams I.,A,A,ATB,9,12,euroleghe
Molina N.,D,Dd;E,ATM,5,12,euroleghe
Almada,C,W;T,ATM,7,12,euroleghe
Cambiaghi,A,A,BOL,3,12,euroleghe
De Gea,P,Por,FIO,12,12,euroleghe
Weah,C,E;W,OLM,8,12,euroleghe
Locatelli,C,M;C,JUV,5,12,euroleghe
Provedel,P,Por,LAZ,5,12,euroleghe
Basic,C,C,LAZ,1,12,euroleghe
Guendouzi*,C,C,LAZ,4,12,euroleghe
Bartesaghi,D,Ds;E,MIL,1,12,euroleghe
Loftus-Cheek,C,C;T,MIL,3,12,euroleghe
Zambo Anguissa,C,M;C,NAP,9,12,euroleghe
Rensch,D,B;Dd;E,ROM,2,12,euroleghe
Konè M.,C,M;C,ROM,6,12,euroleghe
Lammens,P,Por,MUN,10,12,euroleghe
Chevalier,P,Por,PSG,12,11,euroleghe
Golovin,C,W;T,AMO,8,11,euroleghe
Ilenikhena*,A,Pc,AMO,3,11,euroleghe
Rulli,P,Por,OLM,8,11,euroleghe
Angel Gomes*,C,C;T,OLM,5,11,euroleghe
Beraldo,D,Ds;Dc,PSG,7,11,euroleghe
Tah,D,Dc,BAY,12,11,euroleghe
Davies A.,D,Ds;E,BAY,7,11,euroleghe
Anton,D,Dd;Dc,DOR,8,11,euroleghe
Baku,D,Dd;E,RBL,12,11,euroleghe
Simons,C,W;T,TOT,22,11,euroleghe
Millot*,C,C;W;T,STU,11,11,euroleghe
Saliba,D,Dc,ARS,12,11,euroleghe
Odegaard,C,T,ARS,14,11,euroleghe
Ramsey J.,C,W;T,NEW,8,11,euroleghe
Nkunku,A,A,MIL,8,11,euroleghe
Ederson*,P,Por,MCI,12,11,euroleghe
Matheus Nunes,D,Dd;E,MCI,9,11,euroleghe
Marmoush,A,A,MCI,16,11,euroleghe
Miley,C,C,NEW,2,11,euroleghe
Sarr P.,C,M;C,TOT,6,11,euroleghe
Solomon,A,W;A,FIO,2,11,euroleghe
Unai Simon,P,Por,ATB,15,11,euroleghe
Sancet,C,T,ATB,23,11,euroleghe
Llorente M.,D,Dd;E,ATM,11,11,euroleghe
Koke,C,M;C,ATM,4,11,euroleghe
Valles,P,Por,BET,6,11,euroleghe
Militao,D,Dc,MAD,12,11,euroleghe
Diaz B.,C,W;T,MAD,9,11,euroleghe
Samardzic,C,T,ATA,7,11,euroleghe
Bernardeschi,C,W;A,BOL,4,11,euroleghe
Gudmundsson A.,C,T;A,FIO,17,11,euroleghe
Carlos Augusto,D,B;Ds;E,INT,8,11,euroleghe
Dumfries,D,E,INT,18,11,euroleghe
Zalewski,C,E;W,ATA,2,11,euroleghe
Sucic P.,C,C,INT,3,11,euroleghe
Thuram K.,C,M;C,JUV,9,11,euroleghe
Douglas Luiz,C,C,AVA,1,11,euroleghe
Cataldi,C,M;C,LAZ,2,11,euroleghe
Rrahmani,D,Dc,NAP,8,11,euroleghe
Lobotka,C,M;C,NAP,3,11,euroleghe
Hermoso,D,Dc,ROM,2,11,euroleghe
Athekame,D,Dd;E,MIL,4,11,euroleghe
Gutierrez,D,Ds;E,NAP,6,11,euroleghe
Traore' Hj.,C,W;T,OLM,4,11,euroleghe
Santos A.,C,W;A,NAP,5,11,euroleghe
Adingra,C,W;A,AMO,8,11,euroleghe
Sahraoui,A,A,LIL,5,10,euroleghe
Zakaria,C,M;C,AMO,8,10,euroleghe
Minamino,C,W;T,AMO,8,10,euroleghe
Bischof,C,M;C,BAY,4,10,euroleghe
Couto,D,Dd;E,DOR,7,10,euroleghe
Koch,D,Dc,SGE,7,10,euroleghe
Dahoud,C,M;C,SGE,2,10,euroleghe
Orban,D,Dc,RBL,10,10,euroleghe
Schlager,C,M;C,RBL,2,10,euroleghe
Bakayoko J.,A,A,RBL,11,10,euroleghe
Nubel,P,Por,STU,5,10,euroleghe
Calafiori,D,Ds;Dc,ARS,8,10,euroleghe
Nwaneri,C,W;T,OLM,3,10,euroleghe
Martinelli,A,A,ARS,15,10,euroleghe
Kamara,C,M;C,AVA,6,10,euroleghe
Van Hecke,D,Dc,BRH,6,10,euroleghe
Gusto,D,Dd;E,CHE,9,10,euroleghe
Nunez*,A,Pc,LIV,10,10,euroleghe
Ruben Dias,D,Dc,MCI,12,10,euroleghe
Gvardiol,D,Ds;Dc,MCI,15,10,euroleghe
Garnacho,A,A,CHE,7,10,euroleghe
Tonali,C,M;C,NEW,9,10,euroleghe
Johnson Br.*,A,W;A,TOT,11,10,euroleghe
Mavropanos,D,Dc,WHU,3,10,euroleghe
Paquetà*,C,C;T,WHU,9,10,euroleghe
Berchiche,D,Ds;E,ATB,7,10,euroleghe
Barrios,C,M;C,ATM,6,10,euroleghe
Koundè,D,Dd;Dc,FCB,13,10,euroleghe
De Jong F.,C,M;C,FCB,7,10,euroleghe
Roca,C,M;C,BET,2,10,euroleghe
Isco,C,T,BET,12,10,euroleghe
Huijsen,D,Dc,MAD,11,10,euroleghe
Luiz Junior,P,Por,VIL,3,10,euroleghe
Cardona,D,Ds;E,VIL,7,10,euroleghe
Pedraza,D,Ds;E,VIL,2,10,euroleghe
Scalvini,D,Dc,ATA,4,10,euroleghe
Brescianini,C,C;T,FIO,3,10,euroleghe
Pasalic,C,C;T,ATA,4,10,euroleghe
Maldini,C,T;A,LAZ,4,10,euroleghe
Sulemana K.,A,A,ATA,3,10,euroleghe
Holm,D,Dd;E,JUV,4,10,euroleghe
Freuler,C,M;C,BOL,4,10,euroleghe
Luis Henrique,C,E;W,INT,2,10,euroleghe
Vlahovic,A,Pc,JUV,13,10,euroleghe
Zaccagni,C,W;A,LAZ,20,10,euroleghe
Fofana Y.,C,M;C,MIL,4,10,euroleghe
Raspadori,A,A,ATA,2,10,euroleghe
Dybala,A,A,ROM,18,10,euroleghe
Blaswich,P,Por,B04,1,10,euroleghe
Igamane,A,Pc,LIL,5,10,euroleghe
Taylor K.,C,C;T,LAZ,6,10,euroleghe
Boga,A,W;A,JUV,4,10,euroleghe
Quansah,D,Dd;Dc,B04,8,9,euroleghe
Arthur S.,D,E,B04,6,9,euroleghe
Upamecano,D,Dc,BAY,9,9,euroleghe
Can,C,M;C,DOR,6,9,euroleghe
Sabitzer,C,C;T,DOR,6,9,euroleghe
Trapp*,P,Por,SGE,9,9,euroleghe
Larsson H.,C,M;C,SGE,7,9,euroleghe
Andres,C,M;C,STU,1,9,euroleghe
Tielemans,C,C,AVA,8,9,euroleghe
Kadioglu,D,Dd;Ds;E,BRH,7,9,euroleghe
Wieffer,C,M;C,BRH,4,9,euroleghe
O'Riley,C,C;T,BRH,6,9,euroleghe
Sanchez Ro.,P,Por,CHE,13,9,euroleghe
Caicedo M.,C,M;C,CHE,6,9,euroleghe
Mac Allister,C,M;C,LIV,11,9,euroleghe
Rodri,C,M;C,MCI,13,9,euroleghe
Shaw,D,B;Ds;E,MUN,4,9,euroleghe
Dalot,D,Dd;Ds;E,MUN,9,9,euroleghe
Porro,D,Dd;E,TOT,11,9,euroleghe
Ruiz De Galarreta,C,C,ATB,5,9,euroleghe
Berenguer,C,W,ATB,7,9,euroleghe
Le Normand,D,Dc,ATM,10,9,euroleghe
Hancko,D,Ds;Dc,ATM,5,9,euroleghe
Gallagher,C,C;W,TOT,5,9,euroleghe
Cubarsì,D,Dc,FCB,9,9,euroleghe
Araujo R.,D,Dd;Dc,FCB,6,9,euroleghe
Carreras,D,Ds;E,MAD,11,9,euroleghe
Tchouameni,C,M;C,MAD,7,9,euroleghe
Fagioli,C,C,FIO,4,9,euroleghe
Ricci S.,C,M;C,MIL,3,9,euroleghe
Neres,C,W;A,NAP,6,9,euroleghe
Lang*,A,A,NAP,10,9,euroleghe
Hermansen,P,Por,WHU,6,9,euroleghe
Piccoli,A,Pc,FIO,12,9,euroleghe
Chukwuemeka,C,C;T,DOR,7,9,euroleghe
Nartey,C,C;T,STU,2,9,euroleghe
Vergara,C,W;T,NAP,1,9,euroleghe
Abraham,A,Pc,AVA,9,9,euroleghe
Diakitè B.*,D,Dc,LIL,8,8,euroleghe
Mandi,D,Dd;Dc,LIL,6,8,euroleghe
Broholm,C,W;A,LIL,7,8,euroleghe
Kohn,P,Por,AMO,6,8,euroleghe
Adli A.*,A,A,B04,8,8,euroleghe
Ito,D,Ds;Dc,BAY,3,8,euroleghe
Gulacsi,P,Por,RBL,9,8,euroleghe
Lukeba,D,Dc,RBL,7,8,euroleghe
Seiwald,C,M;C,RBL,4,8,euroleghe
Madueke,A,W;A,ARS,13,8,euroleghe
Milner,C,M;C,BRH,1,8,euroleghe
Kostoulas,A,A,BRH,1,8,euroleghe
Cucurella,D,Ds;E,CHE,15,8,euroleghe
Estevao,A,W;A,CHE,1,8,euroleghe
Alisson,P,Por,LIV,13,8,euroleghe
Reijnders,C,C;T,MCI,16,8,euroleghe
Savinho,C,W;A,MCI,17,8,euroleghe
Onana*,P,Por,MUN,9,8,euroleghe
Maguire,D,Dc,MUN,9,8,euroleghe
Dorgu,D,Ds;E,MUN,9,8,euroleghe
Kinsky,P,Por,TOT,1,8,euroleghe
Maddison,C,T,TOT,17,8,euroleghe
Martinez I.*,D,Dc,FCB,8,8,euroleghe
Garcia E.,D,Dd;Dc,FCB,9,8,euroleghe
Martin G.,D,B;Ds;E,FCB,2,8,euroleghe
Bardghji,A,A,FCB,1,8,euroleghe
Ruibal,D,Dd;E,BET,7,8,euroleghe
Lo Celso,C,T,BET,10,8,euroleghe
Asencio,D,Dc,MAD,6,8,euroleghe
Alexander-Arnold,D,Dd;E,MAD,17,8,euroleghe
De Ketelaere,A,A,ATA,9,8,euroleghe
Miranda J.,D,Ds;E,BOL,6,8,euroleghe
Moro N.,C,M;C,BOL,1,8,euroleghe
Dallinga,A,Pc,BOL,4,8,euroleghe
Dodò,D,E,FIO,9,8,euroleghe
Ndour,C,M;C,FIO,1,8,euroleghe
Pavard,D,Dd;Dc,OLM,5,8,euroleghe
Kelly L.,D,Ds;Dc,JUV,4,8,euroleghe
Cambiaso,D,E,JUV,11,8,euroleghe
Kostic,C,E;W,JUV,1,8,euroleghe
David,A,Pc,JUV,21,8,euroleghe
Romagnoli,D,Dc,LAZ,6,8,euroleghe
Marusic,D,Dd;Ds;E,LAZ,6,8,euroleghe
Tomori,D,Dc,MIL,6,8,euroleghe
Meret,P,Por,NAP,14,8,euroleghe
Buongiorno,D,Dc,NAP,10,8,euroleghe
Di Lorenzo,D,Dd;E,NAP,10,8,euroleghe
Ghilardi,D,Dc,ROM,1,8,euroleghe
El Aynaoui,C,M;C,ROM,3,8,euroleghe
Zetterer,P,Por,SGE,7,8,euroleghe
Vazquez L.,D,E,B04,11,8,euroleghe
Harrison,C,W,FIO,5,8,euroleghe
Singo*,D,Dd;Dc,AMO,7,7,euroleghe
Teze,D,Dd;Dc,AMO,6,7,euroleghe
Embolo*,A,Pc,AMO,8,7,euroleghe
Hernandez L.,D,Ds;Dc,PSG,8,7,euroleghe
Hincapiè,D,B;Ds;E,ARS,9,7,euroleghe
Andrich,C,M;C,B04,6,7,euroleghe
Tella,A,W;A,B04,8,7,euroleghe
Kim,D,Dc,BAY,8,7,euroleghe
Bellingham Jo.,C,C;T,DOR,10,7,euroleghe
Finkgrafe,D,Ds;E,RBL,1,7,euroleghe
Henrichs,D,Dd;Ds;E,RBL,1,7,euroleghe
Hendriks,D,Ds;Dc,STU,1,7,euroleghe
Onana Am.,C,M;C,AVA,6,7,euroleghe
Anselmino*,D,Dc,CHE,1,7,euroleghe
Mamardashvili,P,Por,LIV,5,7,euroleghe
Frimpong,D,Dd;E,LIV,15,7,euroleghe
Kerkez,D,Ds;E,LIV,10,7,euroleghe
Gundogan*,C,C;T,MCI,8,7,euroleghe
Sancho,A,A,AVA,9,7,euroleghe
Pope,P,Por,NEW,6,7,euroleghe
Botman,D,Dc,NEW,8,7,euroleghe
Elanga,C,W;A,NEW,10,7,euroleghe
Isak,A,Pc,LIV,23,7,euroleghe
Vuskovic*,D,Dc,TOT,7,7,euroleghe
Aguerd,D,Dc,OLM,6,7,euroleghe
Emerson P.,D,Ds;E,OLM,6,7,euroleghe
Diouf E.M.,D,E,WHU,8,7,euroleghe
Jauregizar,C,M;C,ATB,6,7,euroleghe
Unai Gomez,C,T,ATB,5,7,euroleghe
Pubill,D,Dd;E,ATM,8,7,euroleghe
Llorente D.,D,Dc,BET,8,7,euroleghe
Altimira S.,C,M;C,BET,4,7,euroleghe
Lunin,P,Por,MAD,1,7,euroleghe
Rudiger,D,Dc,MAD,12,7,euroleghe
Marin R.,D,Dc,VIL,6,7,euroleghe
De Roon,C,M;C,ATA,5,7,euroleghe
Lucumì,D,Dc,BOL,4,7,euroleghe
Gosens,D,E,FIO,14,7,euroleghe
Gila,D,Dc,LAZ,4,7,euroleghe
Provstgaard,D,Dc,LAZ,1,7,euroleghe
Beukema,D,Dc,NAP,7,7,euroleghe
Gilmour,C,M;C,NAP,2,7,euroleghe
Mbaye I.,A,A,PSG,5,7,euroleghe
Zortea,D,E,BOL,7,7,euroleghe
Amaimouni-Echghouyab,C,W;A,SGE,1,7,euroleghe
Timber Q.,C,C;T,OLM,10,7,euroleghe
Giovane,A,A,NAP,7,7,euroleghe
Ngoy,D,Dc,LIL,4,6,euroleghe
Bouaddi,C,M;C,LIL,3,6,euroleghe
Marquinhos,D,Dc,PSG,12,6,euroleghe
Flekken,P,Por,B04,4,6,euroleghe
Hradecky,P,Por,AMO,7,6,euroleghe
Palacios,C,M;C,B04,7,6,euroleghe
Collins N.,D,Dd;Dc,SGE,7,6,euroleghe
Kristensen,D,Dd;E,SGE,8,6,euroleghe
Elmas,C,W;T,NAP,2,6,euroleghe
Gomis T.,C,W;A,RBL,1,6,euroleghe
Zinchenko*,D,Ds;E,ARS,6,6,euroleghe
Gabriel Jesus,A,Pc,ARS,3,6,euroleghe
Konsa,D,Dd;Dc,AVA,7,6,euroleghe
Dunk,D,Dc,BRH,4,6,euroleghe
Baleba,C,M;C,BRH,4,6,euroleghe
Andrey Santos,C,M;C,CHE,5,6,euroleghe
Robertson,D,Ds;E,LIV,10,6,euroleghe
Jones C.,C,C,LIV,6,6,euroleghe
Chiesa,A,A,LIV,1,6,euroleghe
Khusanov,D,Dc,MCI,8,6,euroleghe
Vitor Reis*,D,Dc,MCI,6,6,euroleghe
Zirkzee,A,Pc,MUN,8,6,euroleghe
Ramsdale,P,Por,NEW,4,6,euroleghe
Burn,D,Ds;Dc,NEW,8,6,euroleghe
Hall,D,Ds;E,NEW,8,6,euroleghe
Joelinton,C,C;T,NEW,11,6,euroleghe
Willock,C,C;T,NEW,4,6,euroleghe
Gray A.,C,E;M,TOT,2,6,euroleghe
Bentancur,C,M;C,TOT,5,6,euroleghe
Bergvall,C,M;C,TOT,5,6,euroleghe
Wan-Bissaka,D,Dd;E,WHU,9,6,euroleghe
Gorosabel,D,Dd;E,ATB,5,6,euroleghe
Ruggeri,D,Ds;E,ATM,8,6,euroleghe
Camavinga,C,M;C,MAD,7,6,euroleghe
Rodrygo,A,A,MAD,10,6,euroleghe
Mourino,D,Dd;Dc,VIL,3,6,euroleghe
Djimsiti,D,Dc,ATA,3,6,euroleghe
Kolasinac,D,B;Ds;E,ATA,4,6,euroleghe
Pessina Mas.,P,Por,BOL,1,6,euroleghe
Pobega,C,M;C,BOL,3,6,euroleghe
Parisi,D,E,FIO,2,6,euroleghe
Perin,P,Por,JUV,2,6,euroleghe
Cabal,D,B;Ds;E,JUV,2,6,euroleghe
Tavares N.,D,Ds;E,LAZ,9,6,euroleghe
Gabbia,D,Dc,MIL,3,6,euroleghe
Musah,C,C;W,ATA,2,6,euroleghe
Lukaku,A,Pc,NAP,22,6,euroleghe
Dovbyk,A,Pc,ROM,9,6,euroleghe
Ferguson E.,A,Pc,ROM,8,6,euroleghe
Guessand*,A,A,AVA,9,6,euroleghe
Zabarnyi,D,Dc,PSG,9,6,euroleghe
Etta Eyong*,A,Pc,VIL,4,6,euroleghe
De Winter,D,Dd;Dc,MIL,6,6,euroleghe
Veiga R.,D,Ds;Dc,VIL,6,6,euroleghe
Dowman,C,W;T,ARS,1,6,euroleghe
Pablo,A,Pc,WHU,6,6,euroleghe
Bernasconi,D,E,ATA,3,6,euroleghe
Abdelli,C,C,OLM,8,6,euroleghe
Vargas O.,C,M;C,ATM,4,6,euroleghe
Disasi,D,Dd;Dc,WHU,4,6,euroleghe
Vanderson,D,Dd;E,AMO,8,5,euroleghe
Caio Henrique,D,Ds;E,AMO,8,5,euroleghe
Balerdi,D,Dc,OLM,7,5,euroleghe
Nadir,C,C;T,OLM,1,5,euroleghe
Kolo Muani,A,Pc,TOT,8,5,euroleghe
Hojlund O.,C,M;C,SGE,5,5,euroleghe
Chabot,D,Dc,STU,7,5,euroleghe
Jaquez,D,Dc,STU,1,5,euroleghe
Maatsen,D,Ds;E,AVA,8,5,euroleghe
Jorgensen,P,Por,CHE,1,5,euroleghe
Fofana W.,D,Dc,CHE,3,5,euroleghe
Woodman,P,Por,LIV,1,5,euroleghe
Konatè I.,D,Dc,LIV,9,5,euroleghe
Gomez J.,D,Dd;Ds;Dc,LIV,1,5,euroleghe
McAtee*,C,W;T,MCI,5,5,euroleghe
Livramento,D,Dd;Ds;E,NEW,8,5,euroleghe
Vicario,P,Por,TOT,9,5,euroleghe
Fullkrug,A,Pc,MIL,7,5,euroleghe
Paredes A.,D,Dc,ATB,9,5,euroleghe
Vivian,D,Dc,ATB,8,5,euroleghe
Areso,D,Dd;E,ATB,5,5,euroleghe
Musso,P,Por,ATM,1,5,euroleghe
Gimenez J.,D,Dc,ATM,6,5,euroleghe
Casadò,C,M;C,FCB,3,5,euroleghe
Pau Lopez,P,Por,BET,2,5,euroleghe
Rodriguez R.,D,B;Ds;E,BET,4,5,euroleghe
Riquelme,C,W,BET,5,5,euroleghe
Avila,A,A,BET,1,5,euroleghe
Carvajal,D,Dd;E,MAD,7,5,euroleghe
Garcia F.,D,Ds;E,MAD,9,5,euroleghe
Navarro P.,D,Dd;Dc,VIL,4,5,euroleghe
Parejo,C,M;C,VIL,6,5,euroleghe
Kossounou,D,Dd;Dc,ATA,4,5,euroleghe
Fabbian,C,C;T,FIO,3,5,euroleghe
Ferguson,C,C;T,BOL,3,5,euroleghe
Pongracic,D,Dc,FIO,2,5,euroleghe
Ranieri L.,D,Ds;Dc,FIO,4,5,euroleghe
Martinez Jo.,P,Por,INT,2,5,euroleghe
Acerbi,D,Dc,INT,4,5,euroleghe
Pellegrini Lu.,D,Ds;E,LAZ,1,5,euroleghe
Dia,A,Pc,LAZ,9,5,euroleghe
Lucca*,A,Pc,NAP,5,5,euroleghe
Jashari,C,C,MIL,8,5,euroleghe
Partey,C,M;C,VIL,6,5,euroleghe
Vaz,A,Pc,ROM,5,5,euroleghe
Bamba A.,C,M;C,AMO,2,5,euroleghe
Oluwaseyi,A,Pc,VIL,4,5,euroleghe
Laporte,D,Dc,ATB,4,5,euroleghe
Rego,C,M;C,ATB,2,5,euroleghe
Ratkov,A,Pc,LAZ,8,5,euroleghe
Faes,D,Dc,AMO,4,5,euroleghe
Motta,P,Por,LAZ,1,5,euroleghe
Traorè A.,A,A,WHU,8,5,euroleghe
Fidalgo,C,C;T,BET,2,5,euroleghe
Perrin G.,C,W,LIL,3,5,euroleghe
Mukau,C,M;C,LIL,3,4,euroleghe
Zhegrova,C,W,JUV,10,4,euroleghe
Majecki*,P,Por,AMO,4,4,euroleghe
Kehrer,D,Dd;Dc,AMO,9,4,euroleghe
Mawissa,D,Ds;Dc,AMO,5,4,euroleghe
Medina,D,Ds;Dc,OLM,7,4,euroleghe
Marin Re.,P,Por,PSG,1,4,euroleghe
Tenas,P,Por,VIL,1,4,euroleghe
Pacho,D,Dc,PSG,9,4,euroleghe
Boey*,D,Dd;E,BAY,6,4,euroleghe
Amenda,D,Dc,SGE,1,4,euroleghe
Theate,D,Ds;Dc,SGE,8,4,euroleghe
Skhiri,C,M;C,SGE,5,4,euroleghe
Gotze,C,C;T,SGE,7,4,euroleghe
Wahi*,A,Pc,SGE,4,4,euroleghe
Bitshiabu,D,Dc,RBL,4,4,euroleghe
Vermeeren,C,M;C,OLM,3,4,euroleghe
Jeltsch,D,Dd;Dc,STU,2,4,euroleghe
Assignon,D,Dd;E,STU,9,4,euroleghe
Vagnoman,D,Dd;Ds;E,STU,8,4,euroleghe
Karazor,C,M;C,STU,7,4,euroleghe
Mosquera C.,D,Dd;Dc,ARS,3,4,euroleghe
White,D,Dd;Dc,ARS,6,4,euroleghe
Lewis-Skelly,D,Ds;E,ARS,9,4,euroleghe
Torres P.,D,Dc,AVA,6,4,euroleghe
Bailey,C,W;A,AVA,6,4,euroleghe
Veltman,D,B;Dd;E,BRH,3,4,euroleghe
Acheampong,D,Dd;Dc,CHE,1,4,euroleghe
Ait Nouri,D,Ds;E,MCI,8,4,euroleghe
Nico Gonzalez,C,M;C,MCI,7,4,euroleghe
Kovacic,C,C,MCI,7,4,euroleghe
De Ligt,D,Dc,MUN,9,4,euroleghe
Yoro,D,Dc,MUN,9,4,euroleghe
Mazraoui,D,B;Dd;E,MUN,8,4,euroleghe
Schar,D,Dc,NEW,8,4,euroleghe
Trippier,D,Dd;E,NEW,5,4,euroleghe
Romero,D,Dc,TOT,7,4,euroleghe
Udogie,D,Ds;E,TOT,10,4,euroleghe
Spence,D,Dd;Ds;E,TOT,7,4,euroleghe
Odobert,A,A,TOT,3,4,euroleghe
Areola,P,Por,WHU,6,4,euroleghe
Walker-Peters,D,Dd;Ds;E,WHU,7,4,euroleghe
Lenglet,D,Dc,ATM,9,4,euroleghe
Balde,D,Ds;E,FCB,10,4,euroleghe
Gomez V.,D,Dc,BET,2,4,euroleghe
Natan,D,Dc,BET,6,4,euroleghe
Deossa,C,C;T,BET,4,4,euroleghe
Hien,D,Dc,ATA,8,4,euroleghe
Ahanor,D,B;Ds;E,ATA,1,4,euroleghe
Bellanova,D,E,ATA,9,4,euroleghe
Ravaglia F.,P,Por,BOL,2,4,euroleghe
Vitik,D,Dc,BOL,4,4,euroleghe
De Silvestri,D,Dd;E,BOL,1,4,euroleghe
Comuzzo,D,Dc,FIO,4,4,euroleghe
Sohm,C,C,BOL,5,4,euroleghe
De Vrij,D,Dc,INT,4,4,euroleghe
Frattesi,C,C;T,INT,7,4,euroleghe
Gatti,D,Dc,JUV,4,4,euroleghe
Joao Mario,D,E,BOL,4,4,euroleghe
Koopmeiners,C,C;T,JUV,6,4,euroleghe
Patric,D,Dd;Dc,LAZ,2,4,euroleghe
Vecino*,C,M;C,LAZ,2,4,euroleghe
Dele-Bashiru,C,C;T,LAZ,4,4,euroleghe
Olivera,D,Ds;E,NAP,7,4,euroleghe
Mazzocchi,D,Dd;Ds;E,NAP,1,4,euroleghe
El Shaarawy,C,W,ROM,4,4,euroleghe
Heggem,D,Ds;Dc,BOL,2,4,euroleghe
Badè,D,Dc,B04,7,4,euroleghe
Potts,C,M;C,WHU,4,4,euroleghe
Diouf,C,C,INT,4,4,euroleghe
Idumbo,C,W;T,AMO,2,4,euroleghe
Fernandez Ez.,C,M;C,B04,5,4,euroleghe
Amrabat,C,M;C,BET,4,4,euroleghe
Coulibaly,C,M;C,AMO,4,4,euroleghe
Culbreath,C,W;A,B04,1,4,euroleghe
Gonzalez Alf.,A,A,VIL,2,4,euroleghe
Sarr Ma.,D,Dc,CHE,7,4,euroleghe
Nnadi,C,M;C,OLM,2,4,euroleghe
Mendoza,C,C;T,ATM,4,4,euroleghe
Pitarch,C,C,MAD,4,4,euroleghe
Tiago Santos,D,Dd;E,LIL,7,3,euroleghe
Cornelius D.*,D,Dc,OLM,3,3,euroleghe
Lirola*,D,B;Dd;E,OLM,3,3,euroleghe
Harit*,C,W;T,OLM,3,3,euroleghe
Ozcan,C,M;C,DOR,2,3,euroleghe
Reyna*,C,W;T,DOR,3,3,euroleghe
Aaronson P.*,C,C,SGE,3,3,euroleghe
Batshuayi,A,Pc,SGE,4,3,euroleghe
Geertruida*,D,Dd;Dc,RBL,3,3,euroleghe
Banzuzi,C,M;C,RBL,4,3,euroleghe
Openda,A,Pc,JUV,20,3,euroleghe
Kiwior*,D,Ds;Dc,ARS,3,3,euroleghe
Mings,D,Dc,AVA,3,3,euroleghe
Tzimas,A,Pc,BRH,7,3,euroleghe
Colwill,D,Ds;Dc,CHE,8,3,euroleghe
Lavia,C,M;C,CHE,2,3,euroleghe
Dewsbury-Hall*,C,C;T,CHE,3,3,euroleghe
Gittens,A,W;A,CHE,11,3,euroleghe
Delap,A,Pc,CHE,10,3,euroleghe
Bobb*,A,A,MCI,1,3,euroleghe
Heaven,D,Dc,MUN,3,3,euroleghe
Martinez Lis.,D,Dc,MUN,6,3,euroleghe
Danso,D,Dc,TOT,7,3,euroleghe
Todibo,D,Dc,WHU,7,3,euroleghe
Alvarez E.*,C,M;C,WHU,3,3,euroleghe
Luis Guilherme*,C,W,WHU,1,3,euroleghe
Vesga,C,M;C,ATB,2,3,euroleghe
Galan*,D,Ds;E,ATM,8,3,euroleghe
Johnny Cardoso,C,M;C,ATM,5,3,euroleghe
Gavi,C,C;T,FCB,6,3,euroleghe
Bartra,D,Dc,BET,8,3,euroleghe
Ceballos,C,C;T,MAD,4,3,euroleghe
Mastantuono,C,W;T,MAD,3,3,euroleghe
Suarez D.*,C,C;W;T,VIL,3,3,euroleghe
Akhomach*,C,W,VIL,5,3,euroleghe
Tourè E.*,A,Pc,ATA,3,3,euroleghe
Posch*,D,Dd;Dc,BOL,3,3,euroleghe
Dominguez B.,A,W;A,BOL,3,3,euroleghe
Marì*,D,Dc,FIO,4,3,euroleghe
Fortini,D,E,FIO,1,3,euroleghe
Dzeko*,A,Pc,FIO,9,3,euroleghe
Miretti,C,C;T,JUV,1,3,euroleghe
Estupinan,D,Ds;E,MIL,8,3,euroleghe
Jimenez A.*,D,Dd;Ds;E,MIL,3,3,euroleghe
Juan Jesus,D,Ds;Dc,NAP,1,3,euroleghe
Baldanzi*,C,T;A,ROM,3,3,euroleghe
Echeverri*,C,T,MCI,9,3,euroleghe
Nicolussi Caviglia*,C,M;C,FIO,4,3,euroleghe
Wissa,A,Pc,NEW,20,3,euroleghe
Verdonk,D,B;Ds;E,LIL,1,3,euroleghe
Ebnoutalib,A,Pc,SGE,5,3,euroleghe
Fernandez Th.*,C,W,VIL,3,3,euroleghe
Venturino,C,W,ROM,1,3,euroleghe
Freeman,D,Dd;E,VIL,2,3,euroleghe
Zaragoza,C,W;A,ROM,5,3,euroleghe
Reggiani,D,Dc,DOR,2,3,euroleghe
Alvarez Y.,D,Dc,ATB,1,3,euroleghe
Bodart,P,Por,LIL,1,2,euroleghe
Alexsandro,D,Dc,LIL,9,2,euroleghe
Dier,D,Dc,AMO,7,2,euroleghe
Ouattara K.,D,Ds;E,AMO,4,2,euroleghe
Diatta,C,E;W,AMO,3,2,euroleghe
Pogba,C,C;T,AMO,6,2,euroleghe
Ben Seghir,C,W;T,B04,9,2,euroleghe
Kondogbia,C,M;C,OLM,3,2,euroleghe
Belocian*,D,Ds;Dc,B04,1,2,euroleghe
Lisztes*,A,A,SGE,2,2,euroleghe
Klostermann,D,Dd;Dc,RBL,3,2,euroleghe
Jovanovic,C,W;T,STU,1,2,euroleghe
Norgaard,C,M;C,ARS,6,2,euroleghe
Bogarde,D,Dd;Dc,AVA,2,2,euroleghe
Boscagli,D,Ds;Dc,BRH,6,2,euroleghe
Moran*,C,C;W;T,BRH,2,2,euroleghe
Adarabioyo,D,Dc,CHE,6,2,euroleghe
Badiashile,D,Dc,CHE,2,2,euroleghe
Hato,D,Ds;Dc,CHE,8,2,euroleghe
Essugo,C,M;C,CHE,2,2,euroleghe
Ugochukwu*,C,M;C,CHE,2,2,euroleghe
George*,A,W;A,CHE,1,2,euroleghe
Guiu,A,Pc,CHE,1,2,euroleghe
Bradley,D,Dd;E,LIV,9,2,euroleghe
Tsimikas,D,Ds;E,ROM,4,2,euroleghe
Akè,D,Ds;Dc,MCI,8,2,euroleghe
Ugarte,C,M;C,MUN,7,2,euroleghe
Krafth,D,B;Dd;E,NEW,1,2,euroleghe
Davies B.,D,Ds;Dc,TOT,4,2,euroleghe
Bissouma,C,M;C,TOT,5,2,euroleghe
Scarles,D,Ds;E,WHU,3,2,euroleghe
Rodriguez G.*,C,M;C,WHU,4,2,euroleghe
Ward-Prowse*,C,C;T,WHU,7,2,euroleghe
Lekue,D,Dd;Ds;E,ATB,3,2,euroleghe
Szczesny,P,Por,FCB,5,2,euroleghe
Firpo,D,Ds;E,BET,9,2,euroleghe
Garcia P.,A,A,BET,1,2,euroleghe
Costa L.,D,Dc,VIL,1,2,euroleghe
Foyth,D,Dd;Dc,VIL,7,2,euroleghe
Casale,D,Dc,BOL,1,2,euroleghe
Immobile*,A,Pc,BOL,8,2,euroleghe
Viti*,D,Dc,FIO,2,2,euroleghe
Richardson*,C,M;C,FIO,1,2,euroleghe
Fazzini,C,C;T,FIO,4,2,euroleghe
Sabiri,C,T,FIO,1,2,euroleghe
Beltran L.*,A,A,FIO,2,2,euroleghe
Di Gennaro,P,Por,INT,1,2,euroleghe
Darmian,D,B;Dd;E,INT,2,2,euroleghe
Asllani*,C,M;C,INT,2,2,euroleghe
Esposito Se.*,A,A,INT,2,2,euroleghe
Taremi*,A,Pc,INT,2,2,euroleghe
Rugani,D,Dc,FIO,1,2,euroleghe
Lazzari,D,Dd;E,LAZ,2,2,euroleghe
Rovella,C,M;C,LAZ,3,2,euroleghe
Chukwueze*,C,W,MIL,2,2,euroleghe
Gimenez,A,Pc,MIL,14,2,euroleghe
Simeone*,A,Pc,NAP,2,2,euroleghe
Salah-Eddine*,D,E,ROM,2,2,euroleghe
Bouanani,C,W;T,STU,4,2,euroleghe
Lindelof,D,Dc,AVA,3,2,euroleghe
Mbemba,D,Dc,LIL,8,2,euroleghe
Ambrosino*,A,Pc,NAP,1,2,euroleghe
Arrhov,C,T,SGE,1,2,euroleghe
Arevalo,A,A,STU,2,2,euroleghe
Alleyne,D,Dc,MCI,1,2,euroleghe
Helland,D,Dd;Dc,BOL,2,2,euroleghe
Caillard,P,Por,LIL,1,1,euroleghe
Olmeta*,P,Por,LIL,1,1,euroleghe
Raghouber*,C,M;C,LIL,1,1,euroleghe
Andrè Gomes*,C,C,LIL,2,1,euroleghe
Lienard,P,Por,AMO,1,1,euroleghe
Magassa,D,Dc,WHU,4,1,euroleghe
Salisu,D,Dc,AMO,2,1,euroleghe
Blanco R.*,P,Por,OLM,1,1,euroleghe
De Lange,P,Por,OLM,1,1,euroleghe
Egan-Riley,D,Dd;Dc,OLM,7,1,euroleghe
Garcia U.*,D,B;Ds;E,OLM,6,1,euroleghe
Ounahi*,C,C;T,OLM,1,1,euroleghe
Maupay*,A,Pc,OLM,6,1,euroleghe
Moumbagna*,A,Pc,OLM,1,1,euroleghe
Kimpembe*,D,Dc,PSG,1,1,euroleghe
Lomb,P,Por,B04,1,1,euroleghe
Tape,D,Dc,B04,1,1,euroleghe
Wanner*,C,T,BAY,1,1,euroleghe
Drewes,P,Por,DOR,1,1,euroleghe
Meyer A.,P,Por,DOR,1,1,euroleghe
Sule,D,Dd;Dc,DOR,5,1,euroleghe
Duranville*,A,A,DOR,1,1,euroleghe
Grahl,P,Por,SGE,1,1,euroleghe
Santos K.,P,Por,SGE,1,1,euroleghe
Chandler,D,Dd;E,SGE,1,1,euroleghe
Nkounkou*,D,Ds;E,SGE,1,1,euroleghe
Baum,D,Dd;Ds;E,SGE,1,1,euroleghe
Dina Ebimbe*,C,E;W,SGE,1,1,euroleghe
Zingerle,P,Por,RBL,1,1,euroleghe
Nedeljkovic,D,Dd;E,RBL,7,1,euroleghe
Haidara*,C,M;C,RBL,4,1,euroleghe
Kampl*,C,M;C,RBL,4,1,euroleghe
Maksimovic A.,C,W;T,RBL,4,1,euroleghe
Werner*,A,A,RBL,4,1,euroleghe
Bredlow,P,Por,STU,1,1,euroleghe
Drljaca,P,Por,STU,1,1,euroleghe
Al-Dakhil,D,Dc,STU,2,1,euroleghe
Zagadou,D,Dc,STU,1,1,euroleghe
Stergiou*,D,Dd;Dc,STU,1,1,euroleghe
Stenzel,D,B;Dd;E,STU,1,1,euroleghe
Keitel*,C,M;C,STU,1,1,euroleghe
Darvich,C,W;T,STU,1,1,euroleghe
Diehl,A,A,STU,1,1,euroleghe
Hein*,P,Por,ARS,1,1,euroleghe
Kepa,P,Por,ARS,2,1,euroleghe
Bizot,P,Por,AVA,3,1,euroleghe
Gauci*,P,Por,AVA,1,1,euroleghe
Garcia An.,D,Dd;E,AVA,4,1,euroleghe
Steele,P,Por,BRH,2,1,euroleghe
Coppola D.*,D,Dc,BRH,5,1,euroleghe
Webster,D,Dc,BRH,1,1,euroleghe
Igor,D,Ds;Dc,BRH,3,1,euroleghe
Lamptey*,D,Dd;Ds;E,FIO,6,1,euroleghe
Yalcouyè*,C,C;W,BRH,1,1,euroleghe
March,C,W,BRH,1,1,euroleghe
Buonanotte*,C,W;T,CHE,5,1,euroleghe
Watson T.*,C,W;A,BRH,1,1,euroleghe
Enciso*,C,T;A,BRH,1,1,euroleghe
Slonina,P,Por,CHE,1,1,euroleghe
Endo,C,M;C,LIV,2,1,euroleghe
Morton*,C,M;C,LIV,1,1,euroleghe
Elliott,C,C;W;T,AVA,6,1,euroleghe
Bettinelli,P,Por,MCI,1,1,euroleghe
Ortega*,P,Por,MCI,1,1,euroleghe
Trafford,P,Por,MCI,1,1,euroleghe
Stones,D,Dc,MCI,7,1,euroleghe
Lewis R.,D,Dd;Ds;E,MCI,7,1,euroleghe
Nypan,C,C;T,MCI,1,1,euroleghe
Bayindir,P,Por,MUN,1,1,euroleghe
Heaton,P,Por,MUN,1,1,euroleghe
Fredricson,D,Dc,MUN,1,1,euroleghe
Amass*,D,Ds;E,MUN,1,1,euroleghe
Leon D.,D,Ds;E,MUN,8,1,euroleghe
Collyer*,C,M;C,MUN,1,1,euroleghe
Obi,A,Pc,MUN,1,1,euroleghe
Dubravka*,P,Por,NEW,1,1,euroleghe
Vlachodimos*,P,Por,NEW,1,1,euroleghe
Lascelles*,D,Dc,NEW,1,1,euroleghe
Targett*,D,Ds;E,NEW,1,1,euroleghe
Austin,P,Por,TOT,1,1,euroleghe
Dragusin,D,Dc,TOT,1,1,euroleghe
Takai*,D,Dc,TOT,1,1,euroleghe
Kulusevski,C,W;T,TOT,9,1,euroleghe
Foderingham*,P,Por,WHU,1,1,euroleghe
Kilman,D,Dc,WHU,8,1,euroleghe
Irving*,C,C;T,WHU,1,1,euroleghe
Padilla,P,Por,ATB,1,1,euroleghe
Boiro,D,Ds;E,ATB,3,1,euroleghe
Prados,C,M;C,ATB,4,1,euroleghe
Sannadi,A,Pc,ATB,8,1,euroleghe
Iturbe A.,P,Por,ATM,1,1,euroleghe
Pena I.*,P,Por,FCB,1,1,euroleghe
Ter Stegen*,P,Por,FCB,1,1,euroleghe
Christensen,D,Dc,FCB,2,1,euroleghe
Fort*,D,Dd;Ds;E,FCB,1,1,euroleghe
Adrian,P,Por,BET,2,1,euroleghe
Vieites*,P,Por,BET,1,1,euroleghe
Mendy No.*,D,Dc,BET,1,1,euroleghe
Ortiz A.,D,Dd;E,BET,1,1,euroleghe
Petit*,A,Pc,BET,1,1,euroleghe
Gonzalez Fr.,P,Por,MAD,1,1,euroleghe
Alaba,D,Ds;Dc,MAD,6,1,euroleghe
Mendy F.,D,Ds;E,MAD,7,1,euroleghe
Endrick*,A,Pc,MAD,5,1,euroleghe
Conde,P,Por,VIL,4,1,euroleghe
Kambwala,D,Dd;Dc,VIL,3,1,euroleghe
Rossi F.,P,Por,ATA,1,1,euroleghe
Sportiello,P,Por,ATA,1,1,euroleghe
Bonfanti*,D,Dc,ATA,1,1,euroleghe
Palestra*,D,E,ATA,1,1,euroleghe
Sulemana I.*,C,M;C,BOL,2,1,euroleghe
Ilic M.*,D,Dc,BOL,1,1,euroleghe
Lykogiannis,D,Ds;E,BOL,3,1,euroleghe
Karlsson*,A,W;A,BOL,1,1,euroleghe
Lezzerini,P,Por,FIO,1,1,euroleghe
Martinelli T.*,P,Por,FIO,1,1,euroleghe
Bianco*,C,M;C,FIO,1,1,euroleghe
Pinsoglio,P,Por,JUV,1,1,euroleghe
Savona*,D,B;Dd;E,JUV,1,1,euroleghe
Rouhi*,D,Ds;E,JUV,1,1,euroleghe
Milik,A,Pc,JUV,1,1,euroleghe
Furlanetto,P,Por,LAZ,1,1,euroleghe
Mandas*,P,Por,LAZ,2,1,euroleghe
Gigot,D,Dc,LAZ,3,1,euroleghe
Hysaj,D,Dd;Ds;E,LAZ,1,1,euroleghe
Belahyane,C,M;C,LAZ,1,1,euroleghe
Terracciano,P,Por,MIL,1,1,euroleghe
Torriani,P,Por,MIL,1,1,euroleghe
Terracciano F.*,D,Dd;Ds;E,MIL,1,1,euroleghe
Bondo*,C,M;C,MIL,1,1,euroleghe
Liberali*,C,W;T,MIL,1,1,euroleghe
Okafor*,A,A,MIL,1,1,euroleghe
Contini,P,Por,NAP,1,1,euroleghe
Marianucci*,D,Dc,NAP,2,1,euroleghe
Zanoli*,D,Dd;E,NAP,1,1,euroleghe
Gollini,P,Por,ROM,1,1,euroleghe
Vasquez D.*,P,Por,ROM,1,1,euroleghe
Zelezny,P,Por,ROM,1,1,euroleghe
Kumbulla*,D,Dc,ROM,1,1,euroleghe
Angelino,D,E,ROM,11,1,euroleghe
Godfrey*,D,B;Dd;Ds,ATA,1,1,euroleghe
Leoni,D,Dc,LIV,5,1,euroleghe
Adzic,C,C;T,JUV,1,1,euroleghe
Ulreich,P,Por,BAY,1,1,euroleghe
Campbell C.*,A,A,DOR,1,1,euroleghe
Manè F.,D,Dd;Dc,DOR,1,1,euroleghe
Ziolkowski,D,Dc,ROM,1,1,euroleghe
Odogu,D,Dc,MIL,1,1,euroleghe
Buta A.*,D,Dd;E,SGE,1,1,euroleghe
Fabianski,P,Por,WHU,1,1,euroleghe
Mestre,P,Por,MAD,1,1,euroleghe
McGill,P,Por,BRH,1,1,euroleghe
Diaoune,A,W;A,LIL,2,1,euroleghe
Kosugi,D,Ds;E,SGE,2,1,euroleghe
Alysson,C,W,AVA,2,1,euroleghe
Kouamè*,A,A,FIO,1,1,euroleghe
Christensen O.,P,Por,FIO,1,1,euroleghe
Sani,C,W;A,RBL,1,1,euroleghe
Souza,D,Ds;E,TOT,2,1,euroleghe
Omlin,P,Por,B04,1,1,euroleghe
Przyborek,C,W;T,LAZ,1,1,euroleghe
Oermann,D,Dd;Dc,B04,1,1,euroleghe
Edjouma,A,A,LIL,1,1,euroleghe
Giacomone,P,Por,LAZ,1,1,euroleghe
Pannozzo,P,Por,LAZ,1,1,euroleghe
