nome,ruolo,ruolo_mantra,squadra,presenze,media_voto,fantamedia,gol,gol_subiti,rigori_tirati,rigori_parati,assist,ammonizioni,espulsioni,stagione
Osimhen,A,Pc,NAP,32,6.73,9.14,26,0,2,0,4,4,0,2022-23
Dybala,A,A,ROM,25,6.64,8.24,12,0,5,0,6,4,0,2022-23
Martinez L.,A,Pc,INT,37,6.42,8.16,21,0,1,0,6,3,0,2022-23
Berardi,A,A,SAS,24,6.58,8.1,12,0,7,0,7,7,0,2022-23
Kvaratskhelia,C,W;A,NAP,34,6.62,7.96,12,0,2,0,10,1,0,2022-23
Lookman,A,W;A,ATA,30,6.47,7.92,13,0,3,0,6,3,0,2022-23
Leao,A,A,MIL,34,6.47,7.9,15,0,0,0,7,5,1,2022-23
Dia,A,Pc,SAL,33,6.27,7.82,16,0,1,0,5,4,0,2022-23
Romero L.,C,W;A,LAZ,2,6.25,7.75,1,0,0,0,0,0,0,2022-23
Arnautovic,A,Pc,BOL,21,6.38,7.74,10,0,3,0,1,5,0,2022-23
Lukaku,A,Pc,INT,25,6.24,7.66,10,0,2,0,6,1,0,2022-23
Sanabria,A,Pc,TOR,31,6.27,7.52,12,0,1,0,4,4,0,2022-23
Antiste,A,A,SAS,2,6.0,7.5,1,0,0,0,0,0,0,2022-23
Immobile,A,Pc,LAZ,29,6.22,7.48,12,0,4,0,5,3,0,2022-23
Zaccagni,C,W;A,LAZ,35,6.54,7.44,10,0,1,0,6,9,0,2022-23
Giroud,A,Pc,MIL,33,6.24,7.42,13,0,3,0,4,6,1,2022-23
Nzola,A,Pc,SPE,31,6.19,7.39,13,0,3,0,2,8,0,2022-23
Simeone,A,Pc,NAP,12,6.29,7.33,4,0,0,0,1,1,0,2022-23
Cabral,A,Pc,FIO,21,6.21,7.31,8,0,2,0,1,4,0,2022-23
DZEKO,A,Pc,INT,28,6.23,7.25,9,0,0,0,3,3,0,2022-23
Lauriente',A,A,SAS,28,6.39,7.18,7,0,1,0,6,8,1,2022-23
Vlahovic,A,Pc,JUV,25,6.06,7.16,10,0,2,0,1,1,0,2022-23
El Shaarawy,C,W;A,ROM,26,6.37,7.15,7,0,0,0,1,3,0,2022-23
Koopmeiners,C,C;T,ATA,33,6.36,7.14,10,0,2,0,5,7,0,2022-23
Sansone,A,A,BOL,15,6.27,7.13,4,0,0,0,2,2,0,2022-23
Orsolini,C,W;A,BOL,32,6.16,7.09,11,0,3,0,2,6,2,2022-23
MILINKOVIC-SAVIC,C,C;T,LAZ,36,6.25,7.08,9,0,0,0,8,10,0,2022-23
Deulofeu,A,A,UDI,15,6.37,7.07,2,0,0,0,5,1,0,2022-23
Hojlund,A,Pc,ATA,30,6.12,7.07,9,0,0,0,2,1,0,2022-23
CIOFANI D.,A,Pc,CRE,22,6.11,7.05,8,0,3,0,0,1,0,2022-23
Rabiot,C,C,JUV,32,6.3,7.03,8,0,0,0,4,9,0,2022-23
Felipe Anderson,C,W;A,LAZ,38,6.25,7.0,9,0,0,0,3,3,0,2022-23
CORDAZ,P,Por,INT,1,7.0,7.0,0,0,0,0,0,0,0,2022-23
Strefezza,C,W,LEC,34,6.31,6.97,8,0,2,0,4,5,0,2022-23
Beto,A,Pc,UDI,33,6.06,6.97,10,0,1,0,1,2,0,2022-23
Abraham,A,Pc,ROM,34,6.19,6.96,8,0,0,0,3,2,0,2022-23
Luis Alberto,C,T,LAZ,34,6.34,6.93,6,0,1,0,7,4,0,2022-23
Cambiaghi,A,A,EMP,25,6.24,6.9,6,0,0,0,1,3,1,2022-23
Candreva,C,W,SAL,35,6.21,6.89,7,0,0,0,4,1,1,2022-23
Gaetano,C,C;T,NAP,4,6.12,6.88,1,0,0,0,0,0,0,2022-23
Barella,C,C,INT,35,6.26,6.86,6,0,0,0,6,6,0,2022-23
Boga,A,W;A,ATA,18,6.25,6.86,2,0,0,0,5,0,0,2022-23
Gonzalez N.,A,A,FIO,22,6.11,6.86,6,0,2,0,0,3,0,2022-23
Ferguson,C,C;T,BOL,31,6.24,6.85,7,0,0,0,0,4,0,2022-23
Miranchuk,C,T;A,TOR,28,6.23,6.84,4,0,0,0,5,0,0,2022-23
Karamoh,A,A,TOR,15,6.1,6.83,4,0,0,0,0,2,0,2022-23
Diaz B.,C,W;T,MIL,33,6.18,6.83,6,0,0,0,5,3,0,2022-23
Lazovic,C,E;W,VER,30,6.25,6.82,4,0,0,0,5,0,0,2022-23
Vlasic,C,W;T,TOR,34,6.22,6.82,5,0,0,0,6,1,0,2022-23
Ciurria,C,T;A,MON,35,6.19,6.81,6,0,0,0,6,4,0,2022-23
Frattesi,C,C,SAS,36,6.26,6.79,7,0,0,0,0,4,0,2022-23
Carlos Augusto,D,Ds;E,MON,35,6.16,6.76,6,0,0,0,5,4,0,2022-23
Vignato S.,C,T;A,MON,2,6.25,6.75,0,0,0,0,1,0,0,2022-23
Milik,A,Pc,JUV,27,6.09,6.74,7,0,0,0,1,1,1,2022-23
Calhanoglu,C,T,INT,33,6.36,6.74,3,0,1,0,5,3,0,2022-23
Ngonge,A,A,VER,13,6.04,6.73,3,0,0,0,1,2,0,2022-23
Zielinski,C,C;T,NAP,37,6.3,6.72,3,0,0,0,8,3,0,2022-23
DI MARIA,A,A,JUV,25,6.14,6.72,4,0,1,0,4,1,1,2022-23
Bonaventura,C,C;W;T,FIO,28,6.25,6.71,5,0,0,0,1,4,1,2022-23
Lovric,C,C;T,UDI,36,6.18,6.71,5,0,0,0,6,4,0,2022-23
Dimarco,D,Ds;Dc;E,INT,33,6.21,6.7,4,0,0,0,4,0,0,2022-23
Verdi,C,W;T,VER,22,6.07,6.7,5,0,1,0,0,3,0,2022-23
Pereyra,C,W;T,UDI,34,6.26,6.69,5,0,0,0,6,7,0,2022-23
Elmas,C,C;T,NAP,34,6.15,6.69,6,0,1,0,3,5,0,2022-23
Wijnaldum,C,C;T,ROM,11,6.14,6.68,2,0,0,0,0,0,0,2022-23
Posch,D,Dd;Dc,BOL,30,6.12,6.68,6,0,0,0,2,6,0,2022-23
Volpato,C,T,ROM,6,6.0,6.67,1,0,0,0,1,0,0,2022-23
Zappacosta,D,E,ATA,21,6.12,6.64,4,0,0,0,1,4,0,2022-23
Jese',A,A,SAM,7,6.07,6.64,1,0,0,0,1,0,0,2022-23
Mota,A,Pc,MON,29,6.09,6.64,5,0,0,0,2,2,0,2022-23
Kouame',A,A,FIO,28,6.11,6.62,4,0,0,0,5,5,0,2022-23
Messias,C,W,MIL,25,6.0,6.62,5,0,0,0,2,3,0,2022-23
Colpani,C,C;T,MON,24,6.1,6.62,4,0,0,0,1,1,0,2022-23
Dessers,A,Pc,CRE,26,6.02,6.62,6,0,0,0,2,3,0,2022-23
Iling Junior,C,W;A,JUV,8,6.19,6.62,1,0,0,0,1,1,0,2022-23
Saponara,C,W;T,FIO,24,6.06,6.6,4,0,0,0,3,4,0,2022-23
Chiesa,C,W;A,JUV,21,6.12,6.6,2,0,0,0,5,2,0,2022-23
Zambo Anguissa,C,M;C,NAP,36,6.25,6.6,3,0,0,0,5,3,0,2022-23
Kostic,C,E;W,JUV,36,6.11,6.6,3,0,0,0,10,3,0,2022-23
Fagioli,C,C;T,JUV,23,6.13,6.59,3,0,0,0,3,3,0,2022-23
Samardzic,C,T,UDI,32,6.05,6.59,5,0,0,0,3,1,0,2022-23
Di Lorenzo,D,Dd;E,NAP,37,6.26,6.58,3,0,0,0,4,2,0,2022-23
Baldanzi,C,T;A,EMP,26,6.15,6.58,4,0,0,0,0,2,0,2022-23
Pessina,C,C;T,MON,35,6.14,6.57,5,0,3,0,3,6,0,2022-23
Soule',A,A,JUV,7,6.14,6.57,1,0,0,0,0,0,0,2022-23
BROZOVIC,C,M;C,INT,26,6.19,6.56,3,0,0,0,5,9,0,2022-23
Petagna,A,Pc,MON,31,6.05,6.56,4,0,1,0,5,2,0,2022-23
Jovic,A,Pc,FIO,27,5.98,6.56,6,0,0,0,2,3,0,2022-23
NESTOROVSKI,A,Pc,UDI,11,5.95,6.55,2,0,0,0,1,3,0,2022-23
Politano,C,W;A,NAP,23,6.22,6.54,3,0,2,0,2,1,0,2022-23
Castrovilli,C,C;T,FIO,12,6.08,6.54,2,0,0,0,1,3,0,2022-23
Radonjic,C,W,TOR,26,6.19,6.54,2,0,0,0,3,1,0,2022-23
Pedro,A,A,LAZ,36,6.12,6.53,4,0,0,0,3,1,0,2022-23
Ceesay,A,Pc,LEC,30,5.97,6.53,6,0,1,0,0,2,0,2022-23
Kean,A,Pc,JUV,23,5.89,6.52,6,0,0,0,0,5,1,2022-23
Smalling,D,Dc,ROM,32,6.31,6.52,3,0,0,0,1,7,0,2022-23
Okereke,A,A,CRE,33,5.94,6.52,7,0,1,0,0,4,0,2022-23
Doig,D,Ds;E,VER,21,6.07,6.52,2,0,0,0,4,1,0,2022-23
Perilli,P,Por,VER,1,6.5,6.5,0,0,0,0,0,0,0,2022-23
Pellegri,A,Pc,TOR,11,6.0,6.5,2,0,0,0,1,3,0,2022-23
Sirigu,P,Por,FIO,1,6.5,6.5,0,0,0,0,0,0,0,2022-23
IBRAHIMOVIC,A,Pc,MIL,4,5.75,6.5,1,0,1,0,0,0,0,2022-23
Bastoni S.,D,E;C,SPE,18,6.14,6.5,2,0,0,0,4,7,0,2022-23
Abankwah,D,Dc;Dd,UDI,1,6.5,6.5,0,0,0,0,0,0,0,2022-23
Guessand A.,D,Dc,UDI,1,6.5,6.5,0,0,0,0,0,0,0,2022-23
Tonali,C,M;C,MIL,33,6.2,6.48,2,0,0,0,7,7,0,2022-23
Bennacer,C,M;C,MIL,28,6.23,6.46,2,0,0,0,3,5,0,2022-23
Danilo,D,Dd;Ds;E,JUV,37,6.2,6.46,3,0,0,0,3,5,0,2022-23
Ebuehi,D,Dd;E,EMP,25,6.06,6.46,2,0,0,0,4,0,0,2022-23
Mazzocchi,D,Dd;E,SAL,27,6.17,6.46,2,0,0,0,3,2,0,2022-23
Dominguez,C,M;C,BOL,31,6.26,6.45,3,0,0,0,2,10,0,2022-23
Caputo,A,Pc,EMP,36,5.88,6.44,6,0,2,0,3,1,0,2022-23
Zirkzee,A,Pc,BOL,18,6.06,6.44,2,0,0,0,2,2,0,2022-23
TSADJOUT,A,Pc,CRE,18,5.92,6.44,3,0,0,0,1,1,0,2022-23
GABBIADINI,A,A,SAM,35,5.86,6.43,7,0,0,0,2,6,0,2022-23
Lozano,A,A,NAP,29,6.07,6.43,3,0,1,0,3,3,0,2022-23
Ikone',C,W;A,FIO,30,6.03,6.43,4,0,0,0,2,4,0,2022-23
Maldini,C,T;A,SPE,15,6.07,6.43,2,0,0,0,0,1,0,2022-23
Kim,D,Dc,NAP,35,6.27,6.43,2,0,0,0,2,5,0,2022-23
Muriel,A,Pc,ATA,25,6.02,6.42,3,0,1,0,3,0,2,2022-23
Ranocchia F.,C,M;C,MON,12,6.17,6.42,1,0,0,0,0,1,0,2022-23
Pasalic,C,T,ATA,32,5.95,6.41,5,0,0,0,1,3,0,2022-23
Hernandez T.,D,Ds;E,MIL,32,6.11,6.41,4,0,1,0,3,7,0,2022-23
Udogie,D,Ds;E,UDI,32,6.08,6.41,3,0,0,0,4,5,0,2022-23
Caprari,A,A,MON,36,6.03,6.4,5,0,1,0,2,7,0,2022-23
Rebic,A,A,MIL,18,5.86,6.39,3,0,0,0,2,4,0,2022-23
Mkhitaryan,C,T;A,INT,31,6.1,6.39,3,0,0,0,2,4,0,2022-23
Solbakken,A,A,ROM,9,5.94,6.39,1,0,0,0,2,2,0,2022-23
Malinovskyi,C,T,ATA,12,6.0,6.38,1,0,0,0,2,2,0,2022-23
Colombo,A,Pc,LEC,26,5.94,6.37,5,0,1,0,1,4,0,2022-23
Masina,D,Ds;Dc;E,UDI,11,5.91,6.36,2,0,0,0,0,2,0,2022-23
Bonazzoli,A,Pc,SAL,21,6.0,6.36,2,0,0,0,2,1,0,2022-23
Barrow,A,A,BOL,29,5.93,6.36,3,0,0,0,5,3,0,2022-23
Rrahmani,D,Dc,NAP,28,6.14,6.36,2,0,0,0,1,2,0,2022-23
Correa,A,A,INT,23,5.93,6.35,3,0,0,0,1,1,0,2022-23
Vignato,C,W;T,EMP,10,6.0,6.35,1,0,0,0,1,1,0,2022-23
Bremer,D,Dc,JUV,30,6.05,6.35,4,0,0,0,0,6,0,2022-23
Alvarez A.,A,Pc,SAS,10,5.95,6.35,1,0,0,0,1,1,0,2022-23
Lobotka,C,M;C,NAP,38,6.26,6.34,1,0,0,0,1,2,0,2022-23
Ilic,C,C;T,TOR,25,6.06,6.34,2,0,0,0,3,4,0,2022-23
Pellegrini Lo.,C,T,ROM,32,5.97,6.33,4,0,2,0,5,5,0,2022-23
Lukic,C,C;T,TOR,15,6.07,6.33,2,0,1,0,0,4,0,2022-23
Pyyhtia,C,C;T,BOL,3,6.0,6.33,0,0,0,0,1,0,0,2022-23
VERDE,A,A,SPE,22,5.93,6.32,3,0,1,0,0,1,0,2022-23
Matic,C,M,ROM,34,6.16,6.32,2,0,0,0,2,5,0,2022-23
Zanoli,D,Dd;E,SAM,20,6.0,6.32,2,0,0,0,2,3,0,2022-23
Valeri,D,Ds;E,CRE,37,6.08,6.31,2,0,0,0,4,3,0,2022-23
Gosens,D,E,INT,25,5.96,6.3,3,0,0,0,0,2,0,2022-23
Ricci S.,C,M;C,TOR,28,6.16,6.3,2,0,0,0,1,6,0,2022-23
Moro N.,C,M;C,BOL,25,6.04,6.3,1,0,0,0,4,1,0,2022-23
Oudin,C,W;A,LEC,25,5.98,6.3,3,0,0,0,0,3,0,2022-23
Romagnoli,D,Dc,LAZ,34,6.21,6.29,2,0,0,0,0,6,0,2022-23
Ballo-Toure',D,Ds;E,MIL,7,5.86,6.29,1,0,0,0,0,0,0,2022-23
Piatek,A,Pc,SAL,32,5.86,6.28,4,0,1,0,4,5,0,2022-23
Zapata D.,A,Pc,ATA,24,5.96,6.27,2,0,0,0,2,1,0,2022-23
Matheus Henrique,C,M;C,SAS,30,5.9,6.27,4,0,0,0,1,4,0,2022-23
Olivera,D,Ds;E,NAP,24,6.02,6.27,2,0,0,0,1,2,0,2022-23
De Roon,C,M,ATA,34,6.1,6.26,3,0,0,0,0,7,0,2022-23
Sensi,C,C;T,MON,27,6.02,6.26,3,0,0,0,1,8,0,2022-23
SORIANO,C,C;T,BOL,23,6.02,6.26,1,0,0,0,3,1,0,2022-23
Mario Rui,D,Ds;E,NAP,22,6.11,6.25,0,0,0,0,5,2,1,2022-23
Juan Jesus,D,Ds;Dc,NAP,12,6.08,6.25,1,0,0,0,0,2,0,2022-23
Spinazzola,D,Ds;E,ROM,26,6.04,6.25,1,0,0,0,4,3,0,2022-23
Mandragora,C,M;C,FIO,28,6.04,6.25,2,0,0,0,4,8,0,2022-23
Troost-Ekong,D,Dc,SAL,8,5.94,6.25,1,0,0,0,0,1,0,2022-23
Pobega,C,C;T,MIL,14,5.96,6.25,2,0,0,0,0,4,0,2022-23
Kasius,D,Dd;E,BOL,6,6.0,6.25,0,0,0,0,2,1,0,2022-23
Marcos Antonio,C,M;C,LAZ,12,6.0,6.25,1,0,0,0,1,2,0,2022-23
Carboni F.,D,Ds;E,MON,2,6.25,6.25,0,0,0,0,0,0,0,2022-23
Harroui,C,M;C,SAS,17,5.94,6.24,2,0,0,0,0,2,0,2022-23
Coulibaly L.,C,M;C,SAL,35,6.06,6.23,3,0,0,0,3,12,0,2022-23
Baschirotto,D,Dd;Ds;Dc,LEC,37,6.07,6.23,3,0,0,0,0,6,0,2022-23
Piccoli,A,Pc,EMP,16,5.84,6.22,2,0,0,0,0,0,0,2022-23
Raspadori,A,A,NAP,23,5.89,6.22,2,0,0,0,2,1,0,2022-23
Lykogiannis,D,Ds;E,BOL,19,5.97,6.21,2,0,0,0,0,3,0,2022-23
Terzic,D,Ds;E,FIO,17,6.03,6.21,1,0,0,0,1,2,0,2022-23
Kyriakopoulos,D,Ds;E,BOL,21,6.05,6.21,1,0,0,0,3,5,0,2022-23
Kastanos,C,C;T,SAL,22,6.02,6.2,2,0,0,0,0,4,0,2022-23
Marin,C,M;C,EMP,32,5.98,6.2,2,0,0,0,4,7,0,2022-23
Thorstvedt,C,C;T,SAS,25,6.0,6.2,2,0,0,0,1,5,0,2022-23
D'Andrea,C,T;A,SAS,5,6.0,6.2,0,0,0,0,1,0,0,2022-23
Biraghi,D,Ds;E,FIO,32,6.05,6.19,2,0,0,0,4,1,0,2022-23
Darmian,D,E,INT,27,6.06,6.19,1,0,0,0,2,3,0,2022-23
Ranieri L.,D,Ds;Dc;E,FIO,8,6.25,6.19,0,0,0,0,0,1,0,2022-23
Vilhena,C,E;C,SAL,32,5.86,6.19,4,0,0,0,1,5,0,2022-23
Schuurs,D,Dc,TOR,29,6.21,6.19,0,0,0,0,2,5,0,2022-23
Maehle,D,E,ATA,30,5.93,6.18,3,0,0,0,2,5,1,2022-23
Basic,C,C,LAZ,14,6.0,6.18,1,0,0,0,0,2,0,2022-23
Faraoni,D,Dd;E,VER,21,5.95,6.17,2,0,0,0,2,7,0,2022-23
Saelemaekers,C,W,MIL,29,5.91,6.17,2,0,0,0,2,1,0,2022-23
Henry,A,Pc,VER,15,5.9,6.17,2,0,0,0,0,4,0,2022-23
Success,A,A,UDI,30,5.93,6.17,1,0,0,0,6,4,0,2022-23
Holm,D,Dd;E,SPE,18,6.06,6.17,1,0,0,0,1,4,0,2022-23
Banda,A,A,LEC,32,6.05,6.17,2,0,0,0,1,6,0,2022-23
Mancini,D,Dc,ROM,35,6.11,6.16,1,0,0,0,2,7,0,2022-23
Rovella,C,M;C,MON,25,6.1,6.16,1,0,0,0,2,6,1,2022-23
Zalewski,C,E;W,ROM,32,5.98,6.16,2,0,0,0,1,3,0,2022-23
Buongiorno,D,Ds;Dc,TOR,34,6.12,6.15,1,0,0,0,2,8,0,2022-23
Bove,C,C,ROM,17,6.03,6.15,1,0,0,0,0,2,0,2022-23
Botheim,A,Pc,SAL,17,5.85,6.15,1,0,0,0,3,2,0,2022-23
QUAGLIARELLA,A,Pc,SAM,18,5.97,6.14,1,0,0,0,1,2,0,2022-23
Bastoni,D,Dc,INT,29,6.12,6.14,0,0,0,0,2,3,0,2022-23
Parisi,D,Ds;E,EMP,33,6.14,6.14,2,0,0,0,0,10,1,2022-23
Galdames,C,M;C,CRE,12,5.88,6.12,1,0,0,0,1,2,0,2022-23
Terracciano F.,C,E;M,VER,13,6.08,6.12,0,0,0,0,1,2,0,2022-23
Gaich,A,Pc,VER,14,5.89,6.11,2,0,0,0,0,2,0,2022-23
Di Francesco F.,A,A,LEC,34,5.93,6.1,2,0,0,0,2,5,0,2022-23
Zortea,D,Dd;Ds;E,SAS,15,6.0,6.1,1,0,0,0,1,5,0,2022-23
Patric,D,Dd;Dc,LAZ,17,6.12,6.09,0,0,0,0,0,1,0,2022-23
Calabria,D,Dd;E,MIL,23,5.96,6.09,1,0,0,0,3,6,0,2022-23
AINA,D,E,TOR,16,6.0,6.09,1,0,0,0,1,5,0,2022-23
Augello,D,Ds;E,SAM,37,5.84,6.09,2,0,0,0,5,3,0,2022-23
Tomori,D,Dc,MIL,33,6.08,6.09,1,0,0,0,0,5,0,2022-23
D'Alessandro,C,E;W,MON,6,6.25,6.08,0,0,0,0,0,2,0,2022-23
Locatelli,C,M;C,JUV,31,6.15,6.08,0,0,0,0,2,8,0,2022-23
SATRIANO,A,Pc,EMP,26,5.87,6.08,2,0,0,0,1,4,0,2022-23
Strelec,A,Pc,SPE,6,6.08,6.08,0,0,0,0,0,0,0,2022-23
Pinamonti,A,Pc,SAS,32,5.67,6.06,5,0,1,0,0,3,1,2022-23
Milenkovic,D,Dd;Dc,FIO,27,5.94,6.06,2,0,0,0,1,4,0,2022-23
Sottil,C,W;A,FIO,16,5.97,6.06,0,0,0,0,2,1,0,2022-23
Llorente D.,D,Dc,ROM,8,6.06,6.06,0,0,0,0,0,0,0,2022-23
Djuric,A,Pc,VER,24,5.98,6.06,1,0,0,0,0,3,0,2022-23
Seck,A,W;A,TOR,9,6.06,6.06,0,0,0,0,0,0,0,2022-23
Hysaj,D,Dd;Ds;E,LAZ,30,5.97,6.05,1,0,0,0,1,3,0,2022-23
Vecino,C,M;C,LAZ,30,5.95,6.05,2,0,0,0,0,6,0,2022-23
Perin,P,Por,JUV,11,6.41,6.05,0,7,0,1,0,0,0,2022-23
Toloi,D,Dc,ATA,32,5.98,6.05,2,0,0,0,0,8,0,2022-23
Depaoli,D,Dd;E,VER,33,5.95,6.05,2,0,0,0,1,8,0,2022-23
Origi,A,Pc,MIL,21,5.74,6.05,2,0,0,0,1,1,0,2022-23
Lazaro,D,E,TOR,20,6.0,6.05,0,0,0,0,3,4,0,2022-23
Singo,D,E,TOR,28,5.93,6.04,2,0,0,0,1,8,0,2022-23
BUONAIUTO,A,A,CRE,23,5.96,6.04,1,0,1,0,0,3,0,2022-23
RECA,D,Ds;E,SPE,30,6.02,6.03,1,0,0,0,0,5,0,2022-23
Caldirola,D,Ds;Dc,MON,30,5.93,6.03,2,0,0,0,0,6,0,2022-23
Casale,D,Dd;Dc,LAZ,29,6.0,6.03,1,0,0,0,1,6,0,2022-23
Cambiaso,D,Dd;Ds;E,BOL,31,5.97,6.03,0,0,0,0,3,2,0,2022-23
Scalvini,D,Dc,ATA,32,5.95,6.03,2,0,0,0,0,7,0,2022-23
Bijol,D,Dc,UDI,32,5.88,6.03,3,0,0,0,1,10,0,2022-23
Hjulmand,C,M;C,LEC,35,6.1,6.03,0,0,0,0,3,9,1,2022-23
Miretti,C,C;T,JUV,25,5.96,6.02,0,0,0,0,2,2,0,2022-23
Luperto,D,Ds;Dc,EMP,36,5.93,6.01,2,0,0,0,0,2,2,2022-23
Bajrami,C,T,SAS,36,5.83,6.01,2,0,0,0,1,1,0,2022-23
CONTI,D,Dd;E,SAM,1,6.0,6.0,0,0,0,0,0,0,0,2022-23
GHIGLIONE,D,Dd;E,CRE,11,5.82,6.0,1,0,0,0,1,4,0,2022-23
Bonucci,D,Dc,JUV,11,6.05,6.0,1,0,0,0,0,1,0,2022-23
Rugani,D,Dc,JUV,7,6.0,6.0,0,0,0,0,0,0,0,2022-23
Pogba,C,C;T,JUV,5,6.0,6.0,0,0,0,0,0,0,0,2022-23
Jajalo,C,M;C,UDI,2,6.0,6.0,0,0,0,0,0,0,0,2022-23
BARDI,P,Por,BOL,1,6.0,6.0,0,0,0,0,0,0,0,2022-23
Marchizza,D,Ds;Dc,SAS,5,6.1,6.0,0,0,0,0,0,1,0,2022-23
RIBERY,A,A,SAL,1,6.0,6.0,0,0,0,0,0,0,0,2022-23
Bourabia,C,M;C,SPE,37,5.91,6.0,1,0,0,0,2,3,0,2022-23
Traore' Hj.,C,W;T,SAS,11,5.77,6.0,0,0,0,0,3,1,0,2022-23
ASCACIBAR,C,M;C,CRE,13,6.04,6.0,0,0,0,0,0,1,0,2022-23
Brekalo,A,A,FIO,6,6.08,6.0,0,0,0,0,0,1,0,2022-23
Zeegelaar,D,Ds;E,UDI,6,5.75,6.0,1,0,0,0,0,1,1,2022-23
RODRIGO BECAO,D,Dc,UDI,28,6.05,6.0,2,0,0,0,1,11,1,2022-23
Di Carmine,A,Pc,CRE,1,6.0,6.0,0,0,0,0,0,0,0,2022-23
Bellanova,D,E,INT,11,6.0,6.0,0,0,0,0,0,0,0,2022-23
TUIA,D,Dc,LEC,7,6.07,6.0,0,0,0,0,0,1,0,2022-23
Akpa Akpro,C,M;C,EMP,24,6.04,6.0,1,0,0,0,1,6,2,2022-23
Lammers,A,Pc,SAM,31,5.76,6.0,2,0,0,0,2,1,0,2022-23
Makengo,C,M;C,UDI,15,6.0,6.0,0,0,0,0,1,2,0,2022-23
Kallon,A,A,VER,22,5.84,6.0,1,0,0,0,1,1,0,2022-23
Ceccaroni,D,Ds;Dc,LEC,2,6.0,6.0,0,0,0,0,0,0,0,2022-23
Dumfries,D,E,INT,34,5.91,6.0,1,0,0,0,4,4,0,2022-23
Bianco,C,M;C,FIO,3,6.17,6.0,0,0,0,0,0,1,0,2022-23
Perez N.,D,Dc,UDI,33,6.02,6.0,2,0,0,0,0,7,1,2022-23
ZANOTTI,D,Dd;E,INT,1,6.0,6.0,0,0,0,0,0,0,0,2022-23
Ederson D.s.,C,C;T,ATA,34,5.94,6.0,1,0,0,0,1,4,0,2022-23
Ebosele,D,Dd;E,UDI,10,6.0,6.0,0,0,0,0,1,4,0,2022-23
Rodriguez P.,A,A,LEC,3,6.0,6.0,0,0,0,0,0,0,0,2022-23
ACELLA,C,C,CRE,1,6.0,6.0,0,0,0,0,0,0,0,2022-23
Barbieri,D,Dd;Ds;E,JUV,2,6.0,6.0,0,0,0,0,0,0,0,2022-23
Sanca,A,A,SPE,1,6.0,6.0,0,0,0,0,0,0,0,2022-23
Cipot,C,C;W;T,SPE,5,6.0,6.0,0,0,0,0,0,0,0,2022-23
Vivaldo,A,Pc,UDI,1,6.0,6.0,0,0,0,0,0,0,0,2022-23
Vorlicky,A,A,ATA,1,6.0,6.0,0,0,0,0,0,0,0,2022-23
De Vrij,D,Dc,INT,25,5.94,5.98,1,0,0,0,0,4,0,2022-23
Demiral,D,Dc,ATA,22,5.95,5.98,1,0,0,0,0,5,0,2022-23
Vojvoda,D,E,TOR,27,5.85,5.98,0,0,0,0,5,3,0,2022-23
Martinez Quarta,D,Dc,FIO,27,5.94,5.98,1,0,0,0,1,6,0,2022-23
Dodo',D,Dd;E,FIO,33,5.88,5.98,1,0,0,0,3,3,1,2022-23
Izzo,D,Dd;Dc,MON,29,6.03,5.97,1,0,0,0,0,10,0,2022-23
Acerbi,D,Dc,INT,31,6.0,5.97,0,0,0,0,1,4,0,2022-23
Ndombele',C,C;T,NAP,18,5.89,5.97,1,0,0,0,0,5,0,2022-23
Mari',D,Dc,MON,29,5.93,5.97,1,0,0,0,0,4,0,2022-23
McKennie,C,C;W,JUV,15,5.7,5.97,1,0,0,0,1,0,0,2022-23
Shomurodov,A,Pc,SPE,17,5.76,5.97,1,0,0,0,1,2,0,2022-23
D'Ambrosio,D,Dd;Ds;Dc,INT,13,5.96,5.96,0,0,0,0,2,2,1,2022-23
De Silvestri,D,Dd;E,BOL,13,5.92,5.96,1,0,0,0,0,1,0,2022-23
Defrel,A,A,SAS,25,5.74,5.96,2,0,0,0,1,3,0,2022-23
Haas,C,C,EMP,24,5.88,5.96,1,0,0,0,0,2,0,2022-23
Rodriguez R.,D,Ds;Dc;E,TOR,34,6.0,5.96,0,0,0,0,0,3,0,2022-23
Barak,C,T,FIO,28,5.82,5.96,2,0,0,0,0,4,0,2022-23
Ceide,C,W;A,SAS,14,5.89,5.96,0,0,0,0,1,0,0,2022-23
Duncan,C,M;C,FIO,21,5.88,5.95,1,0,0,0,0,3,0,2022-23
SERNICOLA,D,Ds;Dc;E,CRE,31,5.87,5.95,2,0,0,0,2,11,0,2022-23
Donati,D,Dd;Dc,MON,8,5.81,5.94,1,0,0,0,0,2,1,2022-23
Pirola,D,Dc,SAL,25,5.78,5.94,2,0,0,0,0,4,0,2022-23
Cataldi,C,M;C,LAZ,28,5.98,5.93,0,0,0,0,1,5,0,2022-23
Gyomber,D,Dc,SAL,23,6.0,5.93,0,0,0,0,1,5,0,2022-23
Linetty,C,C,TOR,29,5.95,5.93,1,0,0,0,0,8,0,2022-23
Ehizibue,D,Dd;E,UDI,21,5.79,5.93,2,0,0,0,0,7,0,2022-23
Tahirovic,C,C,ROM,7,6.0,5.93,0,0,0,0,0,1,0,2022-23
Cuadrado,C,E;W,JUV,30,5.85,5.92,1,0,0,0,3,6,1,2022-23
Marusic,D,Dd;Ds;E,LAZ,33,6.02,5.92,0,0,0,0,2,8,1,2022-23
Schouten,C,M;C,BOL,31,5.97,5.92,0,0,0,0,2,3,0,2022-23
Ostigard,D,Dc,NAP,6,6.0,5.92,0,0,0,0,0,1,0,2022-23
Sambia,D,Dd;E,SAL,13,5.88,5.92,0,0,0,0,1,3,0,2022-23
Hateboer,D,E,ATA,17,5.88,5.91,1,0,0,0,1,7,0,2022-23
Bandinelli,C,C,EMP,35,5.89,5.91,2,0,0,0,0,10,0,2022-23
Nicolussi Caviglia,C,M;C,SAL,11,5.73,5.91,1,0,0,0,0,2,0,2022-23
ARSLAN,C,M;C,UDI,29,5.86,5.91,1,0,0,0,0,3,0,2022-23
Blin,C,M;C,LEC,34,5.94,5.91,1,0,0,0,0,8,0,2022-23
Gonzalez J.,C,C,LEC,34,5.96,5.91,1,0,0,0,1,8,0,2022-23
Lasagna,A,Pc,VER,24,5.77,5.9,1,0,0,0,1,2,0,2022-23
Destro,A,Pc,EMP,10,5.7,5.9,1,0,0,0,0,3,0,2022-23
Machin,C,C;T,MON,21,5.9,5.9,0,0,0,0,2,4,0,2022-23
Ceccherini,D,Dd;Dc,VER,20,5.88,5.9,2,0,0,0,0,9,1,2022-23
Aebischer,C,C,BOL,26,5.87,5.9,1,0,0,0,0,4,0,2022-23
Lochoshvili,D,Dc,CRE,24,5.81,5.9,1,0,0,0,1,4,0,2022-23
Cristante,C,M;C,ROM,36,5.99,5.89,1,0,0,0,1,7,1,2022-23
Djimsiti,D,Dc,ATA,22,5.91,5.89,0,0,0,0,1,3,0,2022-23
Walace,C,M,UDI,37,5.95,5.89,0,0,0,0,1,6,0,2022-23
Walukiewicz,D,Dc,EMP,9,5.89,5.89,0,0,0,0,0,0,0,2022-23
Soumaoro,D,Dc,BOL,23,6.0,5.89,0,0,0,0,0,3,1,2022-23
Pongracic,D,Dc,LEC,9,6.0,5.89,0,0,0,0,0,2,0,2022-23
Zaniolo,C,W;A,ROM,13,5.81,5.88,1,0,0,0,0,4,0,2022-23
AGUDELO,C,T;A,SPE,34,5.93,5.88,0,0,0,0,1,5,0,2022-23
Kovalenko,C,C;T,SPE,13,5.92,5.88,0,0,0,0,0,1,0,2022-23
Soppy,D,Dd;E,ATA,12,5.75,5.88,0,0,0,0,3,3,0,2022-23
CASTAGNETTI,C,M;C,CRE,24,5.88,5.88,0,0,0,0,1,2,0,2022-23
Listkowski,C,W,LEC,4,5.88,5.88,0,0,0,0,0,0,0,2022-23
MEDEL,D,Dc,BOL,23,5.93,5.87,0,0,0,0,1,5,0,2022-23
Ismajli,D,Dc,EMP,25,6.0,5.86,0,0,0,0,0,3,0,2022-23
Grassi,C,M;C,EMP,20,5.92,5.85,0,0,0,0,0,3,0,2022-23
Asllani,C,M;C,INT,13,5.92,5.85,0,0,0,0,0,2,0,2022-23
Gendrey,D,Dd;Dc,LEC,36,5.88,5.85,0,0,0,0,1,4,0,2022-23
Amrabat,C,M;C,FIO,28,6.0,5.84,0,0,0,0,1,11,0,2022-23
SALA,D,E;C,SPE,3,5.83,5.83,0,0,0,0,0,1,0,2022-23
Pellegrini Lu.,D,Ds;E,LAZ,3,6.17,5.83,0,0,0,0,0,3,0,2022-23
Ibanez,D,Dc,ROM,33,5.79,5.83,3,0,0,0,0,9,1,2022-23
Cancellieri,A,A,LAZ,6,5.83,5.83,0,0,0,0,0,4,0,2022-23
Voelkerling Persson,A,Pc,LEC,3,5.83,5.83,0,0,0,0,0,0,0,2022-23
Malagrida,C,W;T;A,SAM,3,6.0,5.83,0,0,0,0,0,2,0,2022-23
Krunic,C,C;T,MIL,22,5.95,5.82,0,0,0,0,1,8,0,2022-23
Kjaer,D,Dc,MIL,14,5.96,5.82,0,0,0,0,0,4,0,2022-23
ZANIMACCHIA,A,W;A,CRE,14,5.89,5.82,0,0,0,0,0,2,0,2022-23
Esposito Sa.,C,M;C,SPE,14,5.75,5.82,1,0,0,0,0,3,1,2022-23
Kiwior,D,Dc,SPE,17,5.91,5.82,0,0,0,0,0,3,0,2022-23
Bohinen,C,M;C,SAL,19,5.82,5.82,0,0,0,0,0,0,0,2022-23
Ferrari G.,D,Dc,SAS,27,5.8,5.81,1,0,0,0,0,5,0,2022-23
Pjaca,A,A,EMP,13,5.85,5.81,0,0,0,0,0,1,0,2022-23
Umtiti,D,Dc,LEC,24,5.98,5.81,0,0,0,0,0,8,0,2022-23
Djidji,D,Dd;Ds;Dc,TOR,32,5.77,5.81,1,0,0,0,0,3,0,2022-23
Obiang,C,M;C,SAS,13,5.88,5.81,0,0,0,0,0,2,0,2022-23
Zima,D,Dc,TOR,8,5.81,5.81,0,0,0,0,0,0,0,2022-23
Sabiri,C,T;A,SAM,18,5.78,5.81,2,0,1,0,0,5,0,2022-23
Gatti,D,Dc,JUV,16,5.94,5.81,0,0,0,0,0,4,0,2022-23
CHIRICHES,D,Dc,CRE,15,6.0,5.8,0,0,0,0,0,2,0,2022-23
BARBERIS,C,M;C,MON,5,5.6,5.8,0,0,0,0,1,0,0,2022-23
LERIS,C,W,SAM,32,5.88,5.8,1,0,0,0,1,13,0,2022-23
Dawidowicz,D,Dc,VER,22,5.8,5.8,1,0,0,0,1,6,1,2022-23
Gyasi,C,W;A,SPE,35,5.77,5.8,2,0,0,0,0,10,0,2022-23
Ruggeri,D,Ds;E,ATA,10,5.85,5.8,0,0,0,0,1,3,0,2022-23
Vranckx,C,M;C,MIL,5,5.9,5.8,0,0,0,0,0,1,0,2022-23
Bistrovic,C,C;T,LEC,10,5.8,5.8,0,0,0,0,0,0,0,2022-23
Fazzini,C,C;T,EMP,15,5.9,5.8,0,0,0,0,0,4,0,2022-23
Hien,D,Dc,VER,32,5.94,5.8,0,0,0,0,0,9,0,2022-23
Camara Ma.,C,M;C,ROM,10,5.95,5.8,0,0,0,0,0,3,0,2022-23
Benassi,C,C,CRE,17,5.82,5.79,0,0,0,0,0,1,0,2022-23
Fazio,D,Dc,SAL,12,5.67,5.79,1,0,0,0,0,1,1,2022-23
Ampadu,D,Dc,SPE,31,5.92,5.79,0,0,0,0,1,8,1,2022-23
Helgason,C,C;T,LEC,7,5.79,5.79,0,0,0,0,0,0,0,2022-23
Thiaw,D,Dc,MIL,19,5.92,5.79,0,0,0,0,0,5,0,2022-23
Paredes,C,M;C,JUV,20,5.78,5.78,1,0,0,0,0,6,1,2022-23
EKDAL,C,M;C,SPE,29,5.88,5.78,0,0,0,0,0,4,1,2022-23
COLLEY,D,Dc,SAM,16,5.75,5.78,1,0,0,0,0,5,0,2022-23
Kalulu,D,Dd;Dc,MIL,32,5.75,5.78,1,0,0,0,0,4,0,2022-23
Lazzari,D,Dd;E,LAZ,26,6.0,5.77,0,0,0,0,0,8,0,2022-23
Meite',C,M;C,CRE,30,5.82,5.77,0,0,0,0,1,5,0,2022-23
Tameze,C,M;C,VER,37,5.81,5.77,0,0,0,0,0,3,0,2022-23
Bradaric,D,Ds;E,SAL,30,5.75,5.77,0,0,0,0,3,5,0,2022-23
Birindelli,D,Dd;Ds;E,MON,30,5.83,5.77,0,0,0,0,2,8,0,2022-23
Sulemana I.,C,M;C,VER,13,5.92,5.77,0,0,0,0,0,4,0,2022-23
De Sciglio,D,Dd;Ds;E,JUV,17,5.76,5.76,0,0,0,0,0,0,0,2022-23
Rogerio,D,Ds;E,SAS,35,5.77,5.76,0,0,0,0,3,5,1,2022-23
Maleh,C,C,LEC,21,5.81,5.76,0,0,0,0,1,5,0,2022-23
Vasquez,D,Ds;Dc,CRE,23,5.78,5.76,1,0,0,0,0,7,0,2022-23
MARRONE,D,Dc,MON,2,5.75,5.75,0,0,0,0,0,0,0,2022-23
Belotti,A,Pc,ROM,22,5.8,5.75,0,0,0,0,2,0,0,2022-23
Florenzi,D,Dd;E,MIL,4,5.88,5.75,0,0,0,0,0,1,0,2022-23
Baez,C,E;W,CRE,2,5.75,5.75,0,0,0,0,0,0,0,2022-23
Palomino,D,Dc,ATA,14,5.82,5.75,1,0,0,0,0,4,0,2022-23
Zakaria,C,M,JUV,2,5.75,5.75,0,0,0,0,0,0,0,2022-23
Zurkowski,C,C,SPE,10,5.7,5.75,0,0,0,0,1,1,0,2022-23
Lopez M.,C,M;C,SAS,30,5.93,5.75,0,0,0,0,0,11,0,2022-23
Demme,C,M,NAP,2,5.75,5.75,0,0,0,0,0,0,0,2022-23
Adopo,D,Dc,TOR,4,5.88,5.75,0,0,0,0,0,1,0,2022-23
Crnigoj,C,C,SAL,6,5.83,5.75,0,0,0,0,0,1,0,2022-23
Pafundi,C,T;A,UDI,2,5.75,5.75,0,0,0,0,0,0,0,2022-23
Quagliata,D,Ds;E,CRE,16,5.75,5.75,0,0,0,0,1,0,1,2022-23
Ilkhan,C,C;T,SAM,6,5.83,5.75,0,0,0,0,0,1,0,2022-23
Moutinho J.,D,Ds;E,SPE,2,5.75,5.75,0,0,0,0,0,0,0,2022-23
De Ketelaere,C,T;A,MIL,27,5.74,5.74,0,0,0,0,1,2,0,2022-23
Maggiore,C,C;T,SAL,15,5.8,5.73,0,0,0,0,0,2,0,2022-23
Gytkjaer,A,Pc,MON,15,5.73,5.73,1,0,0,0,0,0,0,2022-23
Djuricic,C,W;T,SAM,32,5.58,5.72,3,0,0,0,0,9,0,2022-23
Winks,C,M;C,SAM,20,5.78,5.72,0,0,0,0,0,2,0,2022-23
Cabal,D,Ds;Dc,VER,9,5.89,5.72,0,0,0,0,0,3,0,2022-23
Pezzella Giu.,D,Ds;E,LEC,14,5.71,5.71,0,0,0,0,1,2,0,2022-23
Bereszynski,D,Dd;E,NAP,17,5.71,5.71,0,0,0,0,1,2,0,2022-23
Karsdorp,D,Dd;E,ROM,12,5.71,5.71,0,0,0,0,0,0,0,2022-23
Valoti,C,C;T,MON,7,5.71,5.71,0,0,0,0,0,1,0,2022-23
Paoletti,C,M,SAM,7,5.79,5.71,0,0,0,0,0,1,0,2022-23
Gravillon,D,Dd;Dc,TOR,5,5.9,5.7,0,0,0,0,0,2,0,2022-23
Gunter,D,Dc,SAM,23,5.63,5.7,1,0,0,0,1,5,0,2022-23
Ellertsson,C,C;W,SPE,5,5.8,5.7,0,0,0,0,0,3,0,2022-23
MIGUEL VELOSO,C,M;C,VER,21,5.93,5.69,0,0,0,0,0,6,0,2022-23
NUYTINCK,D,Dc,SAM,24,5.75,5.69,0,0,0,0,1,5,0,2022-23
Hristov,D,Dc,SPE,8,5.69,5.69,0,0,0,0,0,0,0,2022-23
Celik,D,Dd;E,ROM,21,5.81,5.69,0,0,0,0,1,5,1,2022-23
Thauvin,A,A,UDI,11,5.68,5.68,0,0,0,0,0,1,0,2022-23
Duda,C,T,VER,14,5.82,5.68,0,0,0,0,0,4,0,2022-23
Toljan,D,Dd;E,SAS,31,5.69,5.68,0,0,0,0,1,3,0,2022-23
Lucumi',D,Dc,BOL,33,5.83,5.68,0,0,0,0,1,8,0,2022-23
Henderson L.,C,C;T,EMP,23,5.83,5.67,0,0,0,0,1,9,0,2022-23
Stojanovic,D,Dd;E,EMP,23,5.7,5.67,0,0,0,0,1,3,0,2022-23
Hendry,D,Dc,CRE,3,5.83,5.67,0,0,0,0,0,1,0,2022-23
Venuti,D,Dd;Ds;E,FIO,16,5.72,5.66,0,0,0,0,0,2,0,2022-23
Coppola D.,D,Dc,VER,16,5.81,5.66,0,0,0,0,0,5,0,2022-23
Bonifazi,D,Dc,BOL,13,5.73,5.65,0,0,0,0,0,2,0,2022-23
Gallo,D,Ds;E,LEC,31,5.82,5.65,0,0,0,0,1,3,1,2022-23
Cuisance,C,C;T,SAM,11,5.68,5.64,0,0,0,0,0,1,0,2022-23
Dest,D,Dd;Ds;E,MIL,7,5.64,5.64,0,0,0,0,0,0,0,2022-23
Pickel,C,M,CRE,33,5.7,5.64,1,0,0,0,0,8,1,2022-23
NIKOLAOU,D,Dc,SPE,34,5.69,5.63,1,0,0,0,0,8,1,2022-23
Amione,D,Ds;Dc,SAM,27,5.69,5.63,1,0,0,0,1,9,1,2022-23
Romagnoli S.,D,Dc,LEC,4,5.62,5.62,0,0,0,0,0,0,0,2022-23
De Winter,D,Dd;Dc,EMP,13,5.73,5.62,0,0,0,0,0,3,0,2022-23
Zerbin,C,W;A,NAP,4,5.75,5.62,0,0,0,0,0,1,0,2022-23
Okoli,D,Dc,ATA,14,5.71,5.61,0,0,0,0,0,3,0,2022-23
Villar,C,M;C,SAM,14,5.68,5.61,0,0,0,0,0,2,0,2022-23
BIANCHETTI,D,Dd;Dc,CRE,25,5.58,5.6,1,0,0,0,0,5,0,2022-23
ASKILDSEN,C,C,LEC,15,5.7,5.6,0,0,0,0,0,3,0,2022-23
Cacace,D,Ds;E,EMP,10,5.65,5.6,0,0,0,0,0,1,0,2022-23
Montevago,A,Pc,SAM,5,5.7,5.6,0,0,0,0,0,1,0,2022-23
Ferrari A.,D,Dd;Dc,CRE,27,5.7,5.59,0,0,0,0,0,6,0,2022-23
Erlic,D,Dc,SAS,27,5.7,5.59,0,0,0,0,0,2,0,2022-23
Oikonomou,D,Dc,SAM,6,5.83,5.58,0,0,0,0,0,3,0,2022-23
Magnani,D,Dc,VER,24,5.81,5.58,0,0,0,0,1,7,1,2022-23
Valencia D.,A,A,SAL,6,5.67,5.58,0,0,0,0,0,1,0,2022-23
Skriniar,D,Dc,INT,21,5.79,5.57,0,0,0,0,0,3,1,2022-23
Meret,P,Por,NAP,34,6.18,5.56,0,24,0,1,0,0,0,2022-23
Ayhan,D,Dd;Dc,SAS,8,5.62,5.56,0,0,0,0,0,1,0,2022-23
Aiwu,D,Dc,CRE,22,5.61,5.55,0,0,0,0,0,3,0,2022-23
Igor,D,Ds;Dc,FIO,26,5.73,5.54,0,0,0,0,0,8,1,2022-23
Ebosse,D,Ds;E,UDI,14,5.64,5.54,0,0,0,0,0,3,0,2022-23
RINCON,C,M,SAM,34,5.6,5.53,0,0,0,0,2,7,1,2022-23
Verre,C,C;T,SAM,16,5.66,5.53,0,0,0,0,0,5,0,2022-23
Vieira,C,M;C,TOR,15,5.63,5.53,0,0,0,0,0,3,0,2022-23
AMIAN,D,Dd;Dc,SPE,30,5.65,5.53,0,0,0,0,0,5,1,2022-23
Alex Sandro,D,Ds;E,JUV,23,5.61,5.52,0,0,0,0,1,4,1,2022-23
AFENA-GYAN,A,A,CRE,20,5.62,5.52,0,0,0,0,0,4,0,2022-23
Dermaku,D,Dc,LEC,1,5.5,5.5,0,0,0,0,0,0,0,2022-23
Tonelli,D,Dc,EMP,1,5.5,5.5,0,0,0,0,0,0,0,2022-23
RANOCCHIA,D,Dc,MON,1,5.5,5.5,0,0,0,0,0,0,0,2022-23
ROMAGNA,D,Dc,SAS,1,5.5,5.5,0,0,0,0,0,0,0,2022-23
Cerofolini,P,Por,FIO,5,6.1,5.5,0,3,0,0,0,0,0,2022-23
BAKAYOKO,C,M,MIL,1,5.5,5.5,0,0,0,0,0,0,0,2022-23
Retsos,D,Dd;Ds;Dc,VER,2,5.5,5.5,0,0,0,0,0,0,0,2022-23
Pussetto,A,W;A,SAM,4,5.62,5.5,0,0,0,0,0,1,0,2022-23
Lovato,D,Dc,SAL,14,5.57,5.5,0,0,0,0,0,2,0,2022-23
Escalante,C,M;C,CRE,9,5.61,5.5,0,0,0,0,0,0,1,2022-23
FERRER,D,Dd;Ds;E,SPE,4,5.5,5.5,0,0,0,0,0,0,0,2022-23
Braaf,A,W;A,VER,6,5.58,5.5,0,0,0,0,0,1,0,2022-23
Kristoffersen,A,Pc,SAL,1,5.5,5.5,0,0,0,0,0,0,0,2022-23
Vina,D,Ds;E,ROM,1,5.5,5.5,0,0,0,0,0,0,0,2022-23
DE LUCA,A,Pc,SAM,1,5.5,5.5,0,0,0,0,0,0,0,2022-23
Daniliuc,D,Dd;Dc,SAL,27,5.69,5.5,0,0,0,0,0,10,0,2022-23
MILANESE,C,C;T,CRE,1,5.5,5.5,0,0,0,0,0,0,0,2022-23
Gila,D,Dc,LAZ,2,5.5,5.5,0,0,0,0,0,0,0,2022-23
Bayeye,D,E,TOR,1,5.5,5.5,0,0,0,0,0,0,0,2022-23
Adli,C,T,MIL,4,5.62,5.5,0,0,0,0,0,1,0,2022-23
Bondo,C,C;T,MON,2,5.75,5.5,0,0,0,0,0,1,0,2022-23
Wisniewski,D,Dc,SPE,11,5.73,5.5,1,0,0,0,0,3,0,2022-23
Abildgaard,C,M,VER,9,5.61,5.5,0,0,0,0,0,2,0,2022-23
Gineitis,C,C,TOR,2,6.0,5.5,0,0,0,0,0,2,0,2022-23
Barrenechea,C,M;C,JUV,3,5.5,5.5,0,0,0,0,0,0,0,2022-23
MURRU,D,Ds;E,SAM,17,5.56,5.47,0,0,0,0,0,3,0,2022-23
Gagliardini,C,M;C,INT,13,5.62,5.46,0,0,0,0,0,3,1,2022-23
Marlon,D,Dc,MON,24,5.73,5.46,0,0,0,0,0,7,1,2022-23
Provedel,P,Por,LAZ,38,6.26,5.46,0,30,0,0,0,1,0,2022-23
Hongla,C,M;C,VER,8,5.69,5.44,0,0,0,0,0,4,0,2022-23
Bronn,D,Dd;Dc,SAL,21,5.57,5.43,0,0,0,0,0,4,1,2022-23
Molina S.,C,E,MON,5,5.5,5.4,0,0,0,0,0,1,0,2022-23
Hrustic,C,C,VER,5,5.4,5.4,0,0,0,0,0,0,0,2022-23
Gabbia,D,Dc,MIL,9,5.5,5.39,0,0,0,0,0,2,0,2022-23
Maignan,P,Por,MIL,22,6.16,5.34,0,21,0,1,0,0,0,2022-23
Carboni A.,D,Ds;Dc,MON,3,5.33,5.33,0,0,0,0,0,0,0,2022-23
ZOET,P,Por,SPE,5,6.2,5.3,0,4,0,0,0,1,0,2022-23
Sosa,D,Dc,BOL,9,5.39,5.28,0,0,0,0,0,2,0,2022-23
RADOVANOVIC,D,Dc,SAL,10,5.4,5.25,0,0,0,0,0,1,1,2022-23
Antov,D,Dc,MON,6,5.42,5.25,0,0,0,0,0,2,0,2022-23
MURILLO,D,Dc,SAM,16,5.53,5.22,0,0,0,0,0,4,1,2022-23
Gollini,P,Por,NAP,7,6.07,5.21,0,6,0,0,0,0,0,2022-23
Tressoldi,D,Dc,SAS,21,5.64,5.21,0,0,0,0,0,9,3,2022-23
Vicario,P,Por,EMP,31,6.4,5.19,0,39,0,1,0,3,0,2022-23
Szczesny,P,Por,JUV,28,6.11,5.18,0,26,0,0,0,0,0,2022-23
Sepe,P,Por,SAL,17,6.29,5.15,0,27,0,3,0,3,0,2022-23
CALDARA,D,Dc,SPE,16,5.44,5.12,0,0,0,0,0,6,0,2022-23
Kumbulla,D,Dc,ROM,5,5.4,5.1,0,0,0,0,0,1,1,2022-23
Falcone,P,Por,LEC,38,6.25,5.09,0,46,0,1,0,2,0,2022-23
Rui Patricio,P,Por,ROM,35,6.0,5.07,0,35,0,1,0,1,0,2022-23
Onana,P,Por,INT,24,6.15,5.04,0,24,0,0,0,1,0,2022-23
Cetin,D,Dc,LEC,1,5.0,5.0,0,0,0,0,0,0,0,2022-23
YEPES,C,M,SAM,4,5.25,5.0,0,0,0,0,0,2,0,2022-23
Di Gregorio,P,Por,MON,37,6.28,4.99,0,49,0,0,1,0,0,2022-23
Skorupski,P,Por,BOL,37,6.19,4.97,0,49,0,2,0,4,0,2022-23
Silvestri,P,Por,UDI,38,6.24,4.97,0,48,0,0,0,0,0,2022-23
Ochoa,P,Por,SAL,20,6.48,4.95,0,33,0,1,0,1,0,2022-23
Perisan,P,Por,EMP,7,6.21,4.93,0,9,0,0,0,0,0,2022-23
Milinkovic-Savic V.,P,Por,TOR,38,6.03,4.89,0,41,0,0,0,4,0,2022-23
Audero,P,Por,SAM,25,6.3,4.88,0,39,0,2,0,1,0,2022-23
Musso,P,Por,ATA,23,6.13,4.85,0,27,0,0,0,1,0,2022-23
Svilar,P,Por,ROM,3,6.0,4.83,0,3,0,0,0,1,0,2022-23
HANDANOVIC,P,Por,INT,14,6.11,4.82,0,18,0,0,0,0,0,2022-23
DRAGOWSKI,P,Por,SPE,34,6.26,4.78,0,54,0,1,1,1,0,2022-23
Terracciano,P,Por,FIO,29,6.0,4.78,0,38,0,1,0,1,0,2022-23
SARR M.,P,Por,CRE,2,6.25,4.75,0,3,0,0,0,0,0,2022-23
Pegolo,P,Por,SAS,2,6.25,4.75,0,3,0,0,0,0,0,2022-23
Sportiello,P,Por,ATA,15,6.13,4.73,0,21,0,0,0,0,0,2022-23
Montipo',P,Por,VER,37,6.19,4.66,0,59,0,1,0,1,0,2022-23
Carnesecchi,P,Por,CRE,27,6.35,4.63,0,47,0,0,1,1,0,2022-23
TATARUSANU,P,Por,MIL,16,6.0,4.62,0,22,0,0,0,0,0,2022-23
Ujkani,P,Por,EMP,1,5.5,4.5,0,1,0,0,0,0,0,2022-23
Consigli,P,Por,SAS,35,6.04,4.47,0,55,0,0,0,0,0,2022-23
Turk,P,Por,SAM,4,6.38,4.12,0,9,0,0,0,0,0,2022-23
RADU I.,P,Por,CRE,9,6.11,4.0,0,19,0,0,0,0,0,2022-23
Fiorillo,P,Por,SAL,1,6.0,4.0,0,2,0,0,0,0,0,2022-23
RAVAGLIA,P,Por,SAM,9,6.11,3.56,0,23,0,0,0,0,0,2022-23
Marchetti,P,Por,SPE,1,5.5,3.5,0,2,0,0,0,0,0,2022-23
ZOVKO,P,Por,SPE,1,5.5,3.5,0,2,0,0,0,0,0,2022-23
Luis Maximiano,P,Por,LAZ,1,4.0,3.0,0,0,0,0,0,0,1,2022-23
Cragno,P,Por,MON,1,5.0,2.0,0,3,0,0,0,0,0,2022-23
RUSSO A.,P,Por,SAS,1,5.0,2.0,0,3,0,0,0,0,0,2022-23
Mirante,P,Por,MIL,0,0.0,0.0,0,0,0,0,0,0,0,2022-23
Mbaye,D,Dd;Ds;E,BOL,0,0.0,0.0,0,0,0,0,0,0,0,2022-23
Diawara,C,M;C,ROM,0,0.0,0.0,0,0,0,0,0,0,0,2022-23
Gagliolo,D,Ds;Dc,SAL,0,0.0,0.0,0,0,0,0,0,0,0,2022-23
CAPEZZI,C,M;C,SAL,0,0.0,0.0,0,0,0,0,0,0,0,2022-23
Ilicic,A,A,ATA,0,0.0,0.0,0,0,0,0,0,0,0,2022-23
Lamanna,P,Por,MON,0,0.0,0.0,0,0,0,0,0,0,0,2022-23
Zaza,A,Pc,TOR,0,0.0,0.0,0,0,0,0,0,0,0,2022-23
Berisha,P,Por,TOR,0,0.0,0.0,0,0,0,0,0,0,0,2022-23
RADU,D,Ds;Dc,LAZ,0,0.0,0.0,0,0,0,0,0,0,0,2022-23
Paletta,D,Dc,MON,0,0.0,0.0,0,0,0,0,0,0,0,2022-23
Capradossi,D,Dc,SPE,0,0.0,0.0,0,0,0,0,0,0,0,2022-23
Padelli,P,Por,UDI,0,0.0,0.0,0,0,0,0,0,0,0,2022-23
Fares,D,Ds;E,LAZ,0,0.0,0.0,0,0,0,0,0,0,0,2022-23
Pereira P.,D,Dd;E,MON,0,0.0,0.0,0,0,0,0,0,0,0,2022-23
Freuler,C,M;C,ATA,0,0.0,0.0,0,0,0,0,0,0,0,2022-23
EDERA,A,W;A,TOR,0,0.0,0.0,0,0,0,0,0,0,0,2022-23
Sampirisi,D,Dd;Dc;E,MON,0,0.0,0.0,0,0,0,0,0,0,0,2022-23
Pinsoglio,P,Por,JUV,0,0.0,0.0,0,0,0,0,0,0,0,2022-23
Mazzitelli,C,M;C,MON,0,0.0,0.0,0,0,0,0,0,0,0,2022-23
Veseli,D,Dd;Ds;Dc,SAL,0,0.0,0.0,0,0,0,0,0,0,0,2022-23
Satalino,P,Por,SAS,0,0.0,0.0,0,0,0,0,0,0,0,2022-23
Scamacca,A,Pc,SAS,0,0.0,0.0,0,0,0,0,0,0,0,2022-23
Coulibaly M.,C,M;C,SAL,0,0.0,0.0,0,0,0,0,0,0,0,2022-23
Ounas,A,A,NAP,0,0.0,0.0,0,0,0,0,0,0,0,2022-23
Jaroszynski,D,Ds;Dc;E,SAL,0,0.0,0.0,0,0,0,0,0,0,0,2022-23
Veretout,C,C,ROM,0,0.0,0.0,0,0,0,0,0,0,0,2022-23
Crociata,C,C;T,EMP,0,0.0,0.0,0,0,0,0,0,0,0,2022-23
Rossi F.,P,Por,ATA,0,0.0,0.0,0,0,0,0,0,0,0,2022-23
Leverbe,D,Dc,SAM,0,0.0,0.0,0,0,0,0,0,0,0,2022-23
Nastasic,D,Dc,FIO,0,0.0,0.0,0,0,0,0,0,0,0,2022-23
Sanchez,A,A,INT,0,0.0,0.0,0,0,0,0,0,0,0,2022-23
Ravaglia F.,P,Por,BOL,0,0.0,0.0,0,0,0,0,0,0,0,2022-23
Bettella,D,Dc,MON,0,0.0,0.0,0,0,0,0,0,0,0,2022-23
Valzania,C,M;C,CRE,0,0.0,0.0,0,0,0,0,0,0,0,2022-23
Calabresi,D,Dd;Dc,LEC,0,0.0,0.0,0,0,0,0,0,0,0,2022-23
Dijks,D,Ds;E,BOL,0,0.0,0.0,0,0,0,0,0,0,0,2022-23
Ruiz,C,C;T,NAP,0,0.0,0.0,0,0,0,0,0,0,0,2022-23
Stulac,C,M;C,EMP,0,0.0,0.0,0,0,0,0,0,0,0,2022-23
Rosati,P,Por,FIO,0,0.0,0.0,0,0,0,0,0,0,0,2022-23
Scozzarella,C,M;C,MON,0,0.0,0.0,0,0,0,0,0,0,0,2022-23
Kingsley,C,M;C,BOL,0,0.0,0.0,0,0,0,0,0,0,0,2022-23
Contini,P,Por,SAM,0,0.0,0.0,0,0,0,0,0,0,0,2022-23
Arthur Melo,C,M;C,JUV,0,0.0,0.0,0,0,0,0,0,0,0,2022-23
Brancolini,P,Por,LEC,0,0.0,0.0,0,0,0,0,0,0,0,2022-23
Agoume,C,M;C,INT,0,0.0,0.0,0,0,0,0,0,0,0,2022-23
Cassandro,D,Dd;Ds;E,LEC,0,0.0,0.0,0,0,0,0,0,0,0,2022-23
Bleve,P,Por,LEC,0,0.0,0.0,0,0,0,0,0,0,0,2022-23
Majer,C,C;T,LEC,0,0.0,0.0,0,0,0,0,0,0,0,2022-23
Berardi A.,P,Por,VER,0,0.0,0.0,0,0,0,0,0,0,0,2022-23
Muldur,D,Dd;E,SAS,0,0.0,0.0,0,0,0,0,0,0,0,2022-23
Gemello,P,Por,TOR,0,0.0,0.0,0,0,0,0,0,0,0,2022-23
Benkovic,D,Dc,UDI,0,0.0,0.0,0,0,0,0,0,0,0,2022-23
Carles Perez,C,W;A,ROM,0,0.0,0.0,0,0,0,0,0,0,0,2022-23
Moro,A,A,LAZ,0,0.0,0.0,0,0,0,0,0,0,0,2022-23
Horvath,C,T;A,TOR,0,0.0,0.0,0,0,0,0,0,0,0,2022-23
Calafiori,D,Ds;E,ROM,0,0.0,0.0,0,0,0,0,0,0,0,2022-23
Frabotta,D,Ds;E,LEC,0,0.0,0.0,0,0,0,0,0,0,0,2022-23
Damsgaard,C,W;T,SAM,0,0.0,0.0,0,0,0,0,0,0,0,2022-23
Vignali,D,Dd;E,SPE,0,0.0,0.0,0,0,0,0,0,0,0,2022-23
Bartolomei,C,C,CRE,0,0.0,0.0,0,0,0,0,0,0,0,2022-23
Molina N.,D,E,UDI,0,0.0,0.0,0,0,0,0,0,0,0,2022-23
Boer,P,Por,ROM,0,0.0,0.0,0,0,0,0,0,0,0,2022-23
Leo' Sena,C,M;C,SPE,0,0.0,0.0,0,0,0,0,0,0,0,2022-23
Gasparini,P,Por,UDI,0,0.0,0.0,0,0,0,0,0,0,0,2022-23
Oddei,A,A,SAS,0,0.0,0.0,0,0,0,0,0,0,0,2022-23
Kokorin,A,Pc,FIO,0,0.0,0.0,0,0,0,0,0,0,0,2022-23
DARBOE,C,M;C,ROM,0,0.0,0.0,0,0,0,0,0,0,0,2022-23
Amey,D,Dd;Dc,BOL,0,0.0,0.0,0,0,0,0,0,0,0,2022-23
Urbanski,C,T,BOL,0,0.0,0.0,0,0,0,0,0,0,0,2022-23
Raimondo,A,Pc,BOL,0,0.0,0.0,0,0,0,0,0,0,0,2022-23
Bertini,C,M;C,LAZ,0,0.0,0.0,0,0,0,0,0,0,0,2022-23
CORTINOVIS,C,C;T,VER,0,0.0,0.0,0,0,0,0,0,0,0,2022-23
Furlan,P,Por,EMP,0,0.0,0.0,0,0,0,0,0,0,0,2022-23
Ferrarini,D,Dd;E,MON,0,0.0,0.0,0,0,0,0,0,0,0,2022-23
KAMENOVIC,D,Ds;E,LAZ,0,0.0,0.0,0,0,0,0,0,0,0,2022-23
Cavion,C,C,SAL,0,0.0,0.0,0,0,0,0,0,0,0,2022-23
Kornvig,C,C,SPE,0,0.0,0.0,0,0,0,0,0,0,0,2022-23
Di Mariano,A,A,LEC,0,0.0,0.0,0,0,0,0,0,0,0,2022-23
Adamonis,P,Por,LAZ,0,0.0,0.0,0,0,0,0,0,0,0,2022-23
Kechrida,D,Dd;E,SAL,0,0.0,0.0,0,0,0,0,0,0,0,2022-23
Kaio Jorge,A,Pc,JUV,0,0.0,0.0,0,0,0,0,0,0,0,2022-23
MARFELLA,P,Por,NAP,0,0.0,0.0,0,0,0,0,0,0,0,2022-23
SHER,C,M;C,SPE,0,0.0,0.0,0,0,0,0,0,0,0,2022-23
Theate,D,Dc,BOL,0,0.0,0.0,0,0,0,0,0,0,0,2022-23
Molla,P,Por,BOL,0,0.0,0.0,0,0,0,0,0,0,0,2022-23
Russo,P,Por,SAL,0,0.0,0.0,0,0,0,0,0,0,0,2022-23
Piana,P,Por,UDI,0,0.0,0.0,0,0,0,0,0,0,0,2022-23
Gondo,A,Pc,CRE,0,0.0,0.0,0,0,0,0,0,0,0,2022-23
Podgoreanu,A,A,SPE,0,0.0,0.0,0,0,0,0,0,0,0,2022-23
Viti,D,Dc,EMP,0,0.0,0.0,0,0,0,0,0,0,0,2022-23
NGUIAMBA,C,M;C,SPE,0,0.0,0.0,0,0,0,0,0,0,0,2022-23
Motoc,D,Dc,SAL,0,0.0,0.0,0,0,0,0,0,0,0,2022-23
Lazetic,A,Pc,MIL,0,0.0,0.0,0,0,0,0,0,1,0,2022-23
Praszelik,C,T,VER,0,0.0,0.0,0,0,0,0,0,0,0,2022-23
Mikael,A,Pc,SAL,0,0.0,0.0,0,0,0,0,0,0,0,2022-23
Trimboli,C,C,SAM,0,0.0,0.0,0,0,0,0,0,0,0,2022-23
Cisse',A,Pc,ATA,0,0.0,0.0,0,0,0,0,0,0,0,2022-23
Bertola,D,Dc,SPE,0,0.0,0.0,0,0,0,0,0,0,0,2022-23
Bagnolini,P,Por,BOL,0,0.0,0.0,0,0,0,0,0,0,0,2022-23
Buta,D,Ds;E,UDI,0,0.0,0.0,0,0,0,0,0,0,0,2022-23
Sorrentino A.,P,Por,MON,0,0.0,0.0,0,0,0,0,0,0,0,2022-23
Tenkorang,C,C,CRE,0,0.0,0.0,0,0,0,0,0,0,0,2022-23
Ndiaye,D,Dc,CRE,0,0.0,0.0,0,0,0,0,0,0,0,2022-23
Ravanelli,D,Dc,CRE,0,0.0,0.0,0,0,0,0,0,0,0,2022-23
Fiordaliso,D,Dd;Dc,CRE,0,0.0,0.0,0,0,0,0,0,0,0,2022-23
Strizzolo,A,A,CRE,0,0.0,0.0,0,0,0,0,0,0,0,2022-23
BJORKENGREN,C,M;C,LEC,0,0.0,0.0,0,0,0,0,0,0,0,2022-23
Ciezkowski,P,Por,CRE,0,0.0,0.0,0,0,0,0,0,0,0,2022-23
Casadei,C,C;T,INT,0,0.0,0.0,0,0,0,0,0,0,0,2022-23
MICAI,P,Por,SAL,0,0.0,0.0,0,0,0,0,0,0,0,2022-23
Chiesa M.,P,Por,VER,0,0.0,0.0,0,0,0,0,0,0,0,2022-23
Samek,C,M;C,LEC,0,0.0,0.0,0,0,0,0,0,0,0,2022-23
Degli Innocenti,C,M;C,EMP,0,0.0,0.0,0,0,0,0,0,0,0,2022-23
Tripi,C,M;C,ROM,0,0.0,0.0,0,0,0,0,0,0,0,2022-23
SARO,P,Por,CRE,0,0.0,0.0,0,0,0,0,0,0,0,2022-23
Normann,C,M;C,LEC,0,0.0,0.0,0,0,0,0,0,0,0,2022-23
Guarino,D,Dc,EMP,0,0.0,0.0,0,0,0,0,0,0,0,2022-23
Garbett,C,C,TOR,0,0.0,0.0,0,0,0,0,0,0,0,2022-23
Carboni V.,C,T;A,INT,0,0.0,0.0,0,0,0,0,0,0,0,2022-23
Vasquez D.,P,Por,MIL,0,0.0,0.0,0,0,0,0,0,0,0,2022-23
Zeefuik,D,Dd;E,VER,0,0.0,0.0,0,0,0,0,0,0,0,2022-23
Krollis,A,Pc,SPE,0,0.0,0.0,0,0,0,0,0,0,0,2022-23
Faticanti,C,M;C,ROM,0,0.0,0.0,0,0,0,0,0,0,0,2022-23
Martinelli T.,P,Por,FIO,0,0.0,0.0,0,0,0,0,0,0,0,2022-23
